,Code,Name,Industry,Main_product,부채비율,시가총액(억),종가,매수,매도_1st,매도_2nd,매수비율(S-RIM),매도비율(S-RIM),ROE_20,ROE_19,roe_past_2,roe_past_3,ROE_improve,Average_ROE_Price,Return_rate(Ave_ROE)
0,123890,한국자산신탁,신탁업 및 집합투자업,"부동산 신탁 서비스, REITs",6,3391,2735.0,6744.0,7752.0,11331.0,2.47,4.14,16.42,14.28,18.52,27.12,0,12376.0,4.53
1,084010,대한제강,1차 철강 제조업,"제강,철재,철근,환봉,마환봉,빌레트 제조",6,1585,6430.0,21929.0,22387.0,24015.0,3.41,3.73,8.83,6.73,-3.83,6.86,0,8059.0,1.25
2,034830,한국토지신탁,신탁업 및 집합투자업,부동산신탁 등,6,4355,1725.0,4291.0,4676.0,6046.0,2.49,3.51,12.54,12.72,21.75,25.66,0,8184.0,4.74
3,023890,한국아트라스비엑스,일차전지 및 축전지 제조업,축전지,6,4182,45700.0,110153.0,120444.0,156989.0,2.41,3.44,12.75,15.6,17.32,17.6,0,145991.0,3.19
4,255440,야스,특수 목적용 기계 제조업,"OLED 증착기, OLED 증착원",6,1724,13200.0,17821.0,22530.0,39250.0,1.35,2.97,26.55,11.22,29.17,20.84,0,27872.0,2.11
5,014830,유니드,기초 화학물질 제조업,"탄산칼륨,가성칼륨,가성카리,탄산카리(무기화합물),MDF(가공목재) 제조,도매",6,3667,41250.0,88024.0,93010.0,110715.0,2.13,2.68,10.66,9.87,5.52,6.19,0,79642.0,1.93
6,227840,현대코퍼레이션홀딩스,음·식료품 및 담배 도매업,"브랜드사업, 육류유통",6,870,9560.0,21663.0,22331.0,24702.0,2.27,2.58,9.32,5.93,2.58,6.62,0,12811.0,1.34
7,036190,금화피에스시,전기 및 통신 공사업,"설비,철물,전기,강구조물",6,1455,24250.0,45214.0,48948.0,62206.0,1.86,2.57,12.11,12.04,19.69,11.76,0,74019.0,3.05
8,057050,현대홈쇼핑,무점포 소매업,TV홈쇼핑 도소매/홈쇼핑프로그램 제작,6,7404,61700.0,150192.0,149371.0,146455.0,2.43,2.37,7.59,5.03,10.32,8.16,0,137651.0,2.23
9,036830,솔브레인홀딩스,기타 화학제품 제조업,"반도체,디스플레이,2차전지 공정용 화학제품",6,16685,95900.0,119788.0,141226.0,217350.0,1.25,2.27,18.64,15.06,14.53,6.85,1,84019.0,0.88
10,005190,동성화학,기초 화학물질 제조업,"화합물,화학제품(폴리우레탄수지,접착제,표면처리제,특수도료,폴리올) 제조",6,870,16300.0,25834.0,28157.0,36404.0,1.58,2.23,12.54,11.92,5.62,5.14,1,24604.0,1.51
11,040910,아이씨디,특수 목적용 기계 제조업,"건식세정기,LCD,반도체 장비,광정보통신 부품,장비 제조,연구개발,용역 서비스,수출입",6,2584,14550.0,14015.0,17937.0,31864.0,0.96,2.19,28.31,8.01,22.47,19.84,0,16978.0,1.17
12,069510,에스텍,영상 및 음향기기 제조업,스피커 및 스피커시스템,6,974,8930.0,18506.0,18653.0,19176.0,2.07,2.15,8.21,11.74,15.15,7.97,0,23962.0,2.68
13,028150,GS홈쇼핑,텔레비전 방송업,CATV홈쇼핑,6,7068,107700.0,200881.0,207433.0,230700.0,1.87,2.14,9.41,9.81,12.46,10.1,0,261233.0,2.43
14,900340,윙입푸드,기타 금융업,육가공 제품,6,727,1515.0,2323.0,2501.0,3135.0,1.53,2.07,11.78,11.11,31.07,44.77,0,6896.0,4.55
15,093050,LF,봉제의복 제조업,"기성복, 의류, 잡화, 제조",6,3465,11850.0,38609.0,35357.0,23810.0,3.26,2.01,4.35,5.65,7.35,6.87,0,34203.0,2.89
16,053610,프로텍,특수 목적용 기계 제조업,"Dispenser, Tray Feeder, 공압실린더",6,2343,21300.0,25941.0,29545.0,42342.0,1.22,1.99,15.68,19.94,16.67,19.78,0,46199.0,2.17
17,025000,KPX케미칼,기초 화학물질 제조업,"PPG,PU RESIN,우레탄수지,대향막박리재,반도체 CM PAD,Polyether Polyol,산업용기초화학제품,화공약품 제조,판매",6,2243,46350.0,96616.0,95509.0,91576.0,2.08,1.98,7.32,9.04,2.54,6.19,0,79513.0,1.72
18,005440,현대그린푸드,종합 소매업,"백화점,여행알선,숙박,음식점/부동산 임대",6,7494,7670.0,18646.0,17873.0,15128.0,2.43,1.97,6.03,3.2,6.1,7.12,0,11273.0,1.47
19,083450,GST,특수 목적용 기계 제조업,"GasScrubber,Chiller",6,1887,20250.0,17723.0,22525.0,39574.0,0.88,1.95,27.29,19.83,12.42,23.25,0,25001.0,1.23
20,004000,롯데정밀화학,기초 화학물질 제조업,"염소·셀룰로스계열, 암모니아 계열, 전자재료 등 화학제품 제조",6,11907,46150.0,65225.0,70215.0,87933.0,1.41,1.91,11.76,11.73,16.72,7.74,0,94547.0,2.05
21,039340,한국경제TV,텔레비전 방송업,"광고수입, 협찬수입",6,1219,5300.0,6495.0,7228.0,9831.0,1.23,1.85,13.95,13.01,14.16,13.77,0,9245.0,1.74
22,083550,케이엠,기타 섬유제품 제조업,클린룸용Wiper,6,2026,19700.0,14878.0,19437.0,35626.0,0.76,1.81,31.58,8.15,6.07,6.14,0,7651.0,0.39
23,111770,영원무역,상품 종합 도매업,스포츠의류,6,10878,24550.0,42412.0,42704.0,43741.0,1.73,1.78,8.16,9.82,8.15,8.78,0,48652.0,1.98
24,141000,비아트론,특수 목적용 기계 제조업,AMOLED 등 제조장비,6,1260,10400.0,12816.0,14026.0,18323.0,1.23,1.76,12.81,3.66,20.6,11.73,0,14882.0,1.43
25,036890,진성티이씨,특수 목적용 기계 제조업,트랙롤라. 플로팅 씰,6,1594,7090.0,8218.0,9140.0,12415.0,1.16,1.75,13.91,16.91,19.4,9.9,0,14619.0,2.06
26,064960,S&T모티브,자동차 신품 부품 제조업,"자동차부품(서스펜션모듈,전장품,속옵서버,에어백,트로틀바디,너클),방산품(총포) 제조,도매",6,5820,39800.0,56434.0,58642.0,66481.0,1.42,1.67,9.74,0.33,7.77,8.12,0,27254.0,0.68
27,056190,에스에프에이,특수 목적용 기계 제조업,"반도체, Display 제조설비 및 공장자동화기기",6,11796,32850.0,32426.0,37218.0,54233.0,0.99,1.65,16.3,15.9,20.22,29.26,0,66814.0,2.03
28,005850,에스엘,자동차 신품 부품 제조업,"자동차부품(자동차램프류,샤시와조향기기,케스터홀더) 제조",6,5423,11250.0,26910.0,25047.0,18434.0,2.39,1.64,4.92,7.25,2.51,9.86,0,22109.0,1.97
29,003550,LG,기타 금융업,지주회사,6,117166,67900.0,109730.0,110157.0,111672.0,1.62,1.64,8.02,5.87,10.96,16.04,0,126477.0,1.86
30,036200,유니셈,특수 목적용 기계 제조업,반도체장비(DryGasScrubber),6,1975,6440.0,5753.0,6794.0,10491.0,0.89,1.63,18.8,18.57,22.72,29.81,0,12019.0,1.87
31,215200,메가스터디교육,일반 교습 학원,"오프라인 학원, 온라인 강의",6,4191,35450.0,28932.0,34911.0,56142.0,0.82,1.58,20.94,20.45,20.86,5.52,0,49191.0,1.39
32,110790,크리스에프앤씨,봉제의복 제조업,골프웨어,5,2613,22300.0,23002.0,25655.0,35077.0,1.03,1.57,14.11,11.77,20.69,32.15,0,44630.0,2.0
33,068930,디지털대성,일반 교습 학원,대성N스쿨 (교육 프랜차이즈),6,1485,6550.0,5627.0,6649.0,10277.0,0.86,1.57,18.85,19.7,8.48,10.78,0,7508.0,1.15
34,060980,한라홀딩스,기타 금융업,지주회사 및 경영컨설팅 서비스업,6,2754,26300.0,76191.0,68439.0,40910.0,2.9,1.56,3.71,4.69,1.46,4.64,0,38907.0,1.48
35,192440,슈피겐코리아,그외 기타 제품 제조업,"핸드폰 케이스, 액정보호필름",6,4339,69800.0,62370.0,72593.0,108894.0,0.89,1.56,17.48,14.52,17.7,19.59,0,102128.0,1.46
36,039440,에스티아이,특수 목적용 기계 제조업,"Chemical 중앙공급시스템(C.C.S.S), 세정·식각시스템",6,2636,16650.0,14468.0,16998.0,25983.0,0.87,1.56,18.32,14.59,16.44,33.49,0,26193.0,1.57
37,069260,휴켐스,기타 화학제품 제조업,"화합물,화학제품 제조",6,6357,15550.0,18616.0,19828.0,24131.0,1.2,1.55,11.12,10.82,17.02,21.3,0,32150.0,2.07
38,049070,인탑스,통신 및 방송 장비 제조업,휴대전화기용부품,6,1952,11350.0,23743.0,22331.0,17315.0,2.09,1.53,5.3,8.5,5.76,4.36,1,22276.0,1.96
39,033290,코웰패션,"섬유, 의복, 신발 및 가죽제품 소매업","콘덴서,저항기",6,5160,5830.0,4269.0,5284.0,8885.0,0.73,1.52,23.8,22.72,26.8,29.71,0,9135.0,1.57
40,006650,대한유화,기초 화학물질 제조업,"폴리프로필렌,고밀도폴리에틸렌,나프타분해유분,올레핀류,혼합C4류,분해가솔린 제조",6,7443,114500.0,262162.0,242653.0,173376.0,2.29,1.51,4.72,6.11,16.22,15.53,0,386457.0,3.38
41,043370,평화정공,자동차 신품 부품 제조업,"자동차용 도어랫치, 도어힌지",6,1224,5830.0,23528.0,20277.0,8733.0,4.04,1.5,2.46,5.65,8.54,15.06,0,28648.0,4.91
42,290520,신도기연,특수 목적용 기계 제조업,"OLED용 후공정장비(라미네이터, 오토클레이브 등)",5,1628,20200.0,11287.0,15372.0,29880.0,0.56,1.48,39.84,37.44,12.83,94.76,0,34911.0,1.73
43,069960,현대백화점,종합 소매업,백화점,6,13737,58700.0,168200.0,150187.0,86222.0,2.87,1.47,3.52,4.64,5.91,6.63,0,128467.0,2.19
44,051600,한전KPS,전기 및 통신 공사업,"일반전기공사,발전설비정비공사,점검,수리,엔지니어링",6,13073,29050.0,27678.0,30736.0,41596.0,0.95,1.43,13.8,14.98,17.08,16.04,0,47797.0,1.65
45,017960,한국카본,"구조용 금속제품, 탱크 및 증기발생기 제조업","탄소섬유(카본프리프레그(낚시대,테니스라켓,골프 Shaft,스포츠레저용품)),합성수지,글라스페이퍼,LNG선박용 단열판넬 제조,도매",6,3306,7520.0,8302.0,8815.0,10637.0,1.1,1.41,10.94,5.74,-0.97,0.24,0,2485.0,0.33
46,161390,한국타이어앤테크놀로지,고무제품 제조업,타이어 제조,6,31093,25100.0,53087.0,49151.0,35172.0,2.12,1.4,4.73,6.03,7.96,9.73,0,53729.0,2.14
47,033780,케이티앤지,담배 제조업,"잎담배,제조담배,홍삼,홍삼제품 제조,판매",6,106814,77800.0,77512.0,84442.0,109049.0,1.0,1.4,12.51,12.39,11.38,15.71,0,105050.0,1.35
48,090350,노루페인트,기타 화학제품 제조업,페인트 제조,6,1440,7200.0,14749.0,13713.0,10034.0,2.05,1.39,4.88,6.0,4.2,10.23,0,12268.0,1.7
49,002150,도화엔지니어링,"건축기술, 엔지니어링 및 관련 기술 서비스업","토목설계,건축설계,종합감리전문업,종합기술용역,엔지니어링",6,2708,8030.0,8317.0,8868.0,10828.0,1.04,1.35,11.19,6.93,5.69,5.07,1,5964.0,0.74
50,155650,와이엠씨,전자부품 제조업,"FPD 패널용 Target, Backing Plate 등",5,2237,11200.0,6752.0,8594.0,15132.0,0.6,1.35,27.49,-1.95,19.93,26.66,0,5510.0,0.49
51,020000,한섬,봉제의복 제조업,"여성의류,금속 액세서리,신발,가방,선글라스 제조,판매",6,9015,36600.0,47935.0,48193.0,49111.0,1.31,1.34,8.09,8.37,7.56,5.96,1,42569.0,1.16
52,067900,와이엔텍,폐기물 처리업,"사업장폐기물중간및최종처리,전문건설,골재제조",6,2229,12250.0,9431.0,10960.0,16391.0,0.77,1.34,17.35,14.66,8.06,11.3,0,11240.0,0.92
53,013030,하이록코리아,1차 철강 제조업,관이음쇠,6,1763,12950.0,23255.0,21871.0,16959.0,1.8,1.31,5.3,3.81,3.48,7.42,0,13765.0,1.06
54,043150,바텍,의료용 기기 제조업,"치과용 디지털 X-ray기기 (파노라마, CT) 및 구강스캐너 등",6,3053,20550.0,18931.0,20595.0,26502.0,0.92,1.29,12.42,14.49,13.13,46.14,0,41210.0,2.01
55,222980,한국맥널티,기타 식품 제조업,커피 및 의약품,6,640,6210.0,3887.0,4795.0,8020.0,0.63,1.29,23.42,-3.84,2.42,4.52,0,-127.0,-0.02
56,000240,한국테크놀로지그룹,기타 금융업,"고무타이어,고무튜브,후랩,알루미늄휠의 제조,판매,임대수익,물품운반용기,포장용기(프라스틱)",6,11628,12500.0,31316.0,27945.0,15972.0,2.51,1.28,3.5,4.71,6.75,8.05,0,26842.0,2.15
57,123420,선데이토즈,소프트웨어 개발 및 공급업,모바일게임,6,2632,27500.0,20015.0,23349.0,35187.0,0.73,1.28,17.68,2.16,7.51,11.12,0,10552.0,0.38
58,000270,기아자동차,자동차용 엔진 및 자동차 제조업,"승용차,중대형버스,트럭,민수특수차량,군수차량 제조,판매,정비",6,129919,32050.0,65112.0,59697.0,40471.0,2.03,1.26,4.39,6.5,4.27,3.62,1,48473.0,1.51
59,012330,현대모비스,자동차 신품 부품 제조업,"자동차A/S용 부품,컨테이너,특수중기,산업기계제품 생산,판매,부품모듈화,부품수출사업,환경/플랜트사업,특수중기부문(컨테이너)",6,182980,192500.0,322245.0,304289.0,240528.0,1.67,1.25,5.45,7.28,6.3,5.43,1,290998.0,1.51
60,102710,이엔에프테크놀로지,기타 화학제품 제조업,LCD/반도체용 케미칼,6,5542,38950.0,25423.0,30512.0,48581.0,0.65,1.25,20.38,18.9,14.05,15.9,0,40006.0,1.03
61,139480,이마트,종합 소매업,대형마트,6,30385,109000.0,282936.0,249882.0,132506.0,2.6,1.22,3.18,2.75,5.49,7.73,0,183288.0,1.68
62,136540,윈스,"컴퓨터 프로그래밍, 시스템 통합 및 관리업","네크워크보안장비(IPS, 안티 DDoS)",6,2011,16550.0,12413.0,14103.0,20106.0,0.75,1.21,15.49,13.61,12.04,9.08,1,16166.0,0.98
63,041920,메디아나,의료용 기기 제조업,"환자감시장치, 자동심장 제세동기(AED)",6,1843,21300.0,10961.0,14231.0,25841.0,0.51,1.21,30.54,12.68,6.95,7.27,0,8345.0,0.39
64,228850,레이언스,의료용 기기 제조업,"TFT Detector, CMOS Detector, I/O Sensor",6,1916,11550.0,12681.0,12933.0,13828.0,1.1,1.2,8.78,7.81,8.77,8.55,0,13343.0,1.16
65,318010,팜스빌,기타 식품 제조업,다이어트 제품 및 건강기능 관련 제품,6,1106,13950.0,9250.0,10904.0,16778.0,0.66,1.2,18.63,17.63,21.05,0.0,0,14109.0,1.01
66,017890,한국알콜,기타 화학제품 제조업,주정,6,3651,16900.0,16885.0,17604.0,20159.0,1.0,1.19,9.92,10.23,10.48,8.18,0,19595.0,1.16
67,061040,알에프텍,통신 및 방송 장비 제조업,"핸드폰 충전기, 핸즈프리",6,2862,11300.0,7190.0,8562.0,13432.0,0.64,1.19,19.59,-1.42,5.51,3.19,0,1327.0,0.12
68,220630,해마로푸드서비스,음·식료품 및 담배 도매업,"햄버거, 치킨, 식음료유통",5,2439,2395.0,1257.0,1600.0,2821.0,0.52,1.18,27.6,18.15,26.3,22.49,0,2371.0,0.99
69,017670,SK텔레콤,전기 통신업,"이동전화,무선호출서비스,부가통신",6,173603,215000.0,298646.0,287128.0,246227.0,1.39,1.15,6.15,3.92,15.52,15.38,0,377634.0,1.76
70,039570,HDC아이콘트롤스,전기 및 통신 공사업,"기계설비공사, 스마트홈, 지능형 빌딩, SOC",6,1279,7770.0,10650.0,10252.0,8839.0,1.37,1.14,6.2,-3.13,11.99,12.75,0,5954.0,0.77
71,079430,현대리바트,가구 제조업,"일반목재가구(책상,침실가구),주방가구,목창호,사무용가구,선실가구 제조",6,4353,21200.0,23038.0,23241.0,23961.0,1.09,1.13,8.25,4.3,9.03,10.69,0,19889.0,0.94
72,010130,고려아연,1차 비철금속 제조업,"연,아연괴 제조,판매",6,70479,373500.0,389781.0,397205.0,423571.0,1.04,1.13,8.74,9.76,8.64,10.96,0,438632.0,1.17
73,080000,에스엔유,특수 목적용 기계 제조업,"OLED증착장비, OLED봉지장비, LCD검사장비 등",6,1242,3620.0,3536.0,3660.0,4100.0,0.98,1.13,9.53,6.92,9.68,6.22,0,3370.0,0.93
74,001630,종근당홀딩스,의약품 제조업,"의약품(항생제,위궤양치료제,장기이식면역억제제,고지혈증치료제(로바이드)) 제조,도매",6,6337,126500.0,104811.0,113285.0,143378.0,0.83,1.13,12.01,10.03,6.55,12.48,0,110772.0,0.88
75,195870,해성디에스,전자부품 제조업,반도체 패키지용 Substrate,6,3154,18550.0,14140.0,15556.0,20587.0,0.76,1.11,13.16,9.06,11.05,14.02,0,16507.0,0.89
76,060150,인선이엔티,폐기물 처리업,건축폐기물처리,6,3286,8560.0,6296.0,7002.0,9511.0,0.74,1.11,13.91,8.58,8.83,1.91,0,5164.0,0.6
77,104830,원익머트리얼즈,기초 화학물질 제조업,"저메인가스,디실란,아산화질소,암모니아 등",6,3486,27650.0,25707.0,26702.0,30238.0,0.93,1.09,9.72,9.55,16.27,9.06,0,36418.0,1.32
78,108320,실리콘웍스,반도체 제조업,"LDI, T-Con, PMIC, EPD-IC 등",6,7116,43750.0,33171.0,36298.0,47401.0,0.76,1.08,12.8,8.39,11.4,11.87,0,36933.0,0.84
79,192080,더블유게임즈,소프트웨어 개발 및 공급업,온라인 게임,5,14865,80900.0,49180.0,57532.0,87193.0,0.61,1.08,17.93,18.93,19.02,9.04,0,84297.0,1.04
80,119850,지엔씨에너지,"전동기, 발전기 및 전기 변환 · 공급 · 제어 장치 제조업","비상발전기, 소형열병합발전설비, 바이오가스발전설비",6,916,5620.0,5242.0,5413.0,6020.0,0.93,1.07,9.41,8.65,9.68,9.12,0,5907.0,1.05
81,241790,오션브릿지,특수 목적용 기계 제조업,"반도체 케미칼(HCDS, Ticl4 외), 반도체 장비",6,2061,20600.0,10041.0,12688.0,22085.0,0.49,1.07,26.48,17.69,29.43,25.01,0,19123.0,0.93
82,091700,파트론,전자부품 제조업,이동통신안테나및유전체필터류등,6,5074,9370.0,7590.0,8100.0,9913.0,0.81,1.06,11.24,18.71,3.09,0.26,1,9298.0,0.99
83,234080,JW생명과학,의약품 제조업,"기초수액, TPN, 특수수액, HEMO, 영양수액 등",6,2985,18850.0,10513.0,12606.0,20038.0,0.56,1.06,20.29,18.92,14.97,17.45,0,17146.0,0.91
84,003220,대원제약,의약품 제조업,"의약품(해열소염진통제,진해거담제,동맥경화용제,혈압강하제 등), 건강기능식품(프로바이오틱스 등)",6,3421,16900.0,12072.0,13305.0,17684.0,0.71,1.05,13.28,14.05,13.51,6.52,1,16588.0,0.98
85,089030,테크윙,특수 목적용 기계 제조업,"반도체테스트핸들러,C.O.K(Change Over Kit)",5,3729,19300.0,11822.0,13680.0,20278.0,0.61,1.05,16.98,6.41,12.77,29.18,0,14972.0,0.78
86,143240,사람인에이치알,"자료처리, 호스팅, 포털 및 기타 인터넷 정보매개 서비스업","온라인 채용광고(취업포털), 인재파견, 취업지원 등",6,2862,24550.0,13584.0,16238.0,25664.0,0.55,1.05,19.98,25.35,20.17,4.56,1,25949.0,1.06
87,229640,LS전선아시아,기타 금융업,,5,1994,6510.0,5075.0,5441.0,6740.0,0.78,1.04,11.51,12.07,8.18,10.69,0,6174.0,0.95
88,005180,빙그레,낙농제품 및 식용빙과류 제조업,"아이스크림,우유,스낵,유산균(욥닥터캡슐) 제조",6,5861,59500.0,63867.0,63320.0,61378.0,1.07,1.03,7.45,7.36,6.37,5.64,1,51830.0,0.87
89,086960,한컴MDS,소프트웨어 개발 및 공급업,"임베디드개발솔루션,임베디드소프트웨어",6,1240,14050.0,13791.0,13900.0,14290.0,0.98,1.02,8.21,7.38,5.82,8.97,0,12723.0,0.91
90,000660,SK하이닉스,반도체 제조업,"반도체,컴퓨터,통신기기 제조,도매",6,602786,82800.0,73353.0,75833.0,84639.0,0.89,1.02,9.47,4.25,38.53,36.8,0,186473.0,2.25
91,119610,인터로조,의료용 기기 제조업,"콘텍트렌즈(소프트렌즈, 원데이렌즈, 하드렌즈 등)",6,2721,23300.0,14418.0,16425.0,23553.0,0.62,1.01,15.7,13.89,13.05,19.97,0,21952.0,0.94
92,034310,NICE,회사 본부 및 경영 컨설팅 서비스업,"기업신용분석,유가증권등급평정,기업정보,긍융정보,경제정보,소비자신용정보 제공,시장조사,사회여론조사,점외 CD/ATM사업",6,8239,21750.0,18936.0,19557.0,21764.0,0.87,1.0,9.42,4.39,10.01,9.21,0,16315.0,0.75
93,005490,포스코,1차 철강 제조업,"열연코일,냉연강판,후판,선재,스테인리스 제조",6,158680,182000.0,473024.0,408667.0,180132.0,2.6,0.99,2.53,4.18,3.88,6.48,0,300236.0,1.65
94,054450,텔레칩스,반도체 제조업,"디지털미디어프로세서,발신자정보표시칩",6,1085,8030.0,8169.0,8129.0,7990.0,1.02,0.99,7.62,8.32,10.3,1.9,0,8113.0,1.01
95,005930,삼성전자,통신 및 방송 장비 제조업,"IMT2000 서비스용 동기식 기지국,교환국장비,데이터단말기,동영상휴대폰,핵심칩,반도체제품,사무,계산 및 회계용기계",6,3146075,52700.0,44787.0,46363.0,51960.0,0.85,0.99,9.54,8.69,19.63,21.01,0,68881.0,1.31
96,078340,컴투스,소프트웨어 개발 및 공급업,모바일게임,6,16598,129000.0,88062.0,96799.0,127824.0,0.68,0.99,13.1,12.68,16.15,20.4,0,147377.0,1.14
97,100120,뷰웍스,의료용 기기 제조업,X-Ray Detector,6,3531,35300.0,21054.0,24124.0,35024.0,0.6,0.99,16.16,16.03,15.56,16.6,0,34067.0,0.97
98,096240,청담러닝,일반 교습 학원,청담어학원,5,1708,22250.0,12437.0,14487.0,21767.0,0.56,0.98,17.55,12.06,11.47,6.57,1,14314.0,0.64
99,007700,F&F,봉제의복 제조업,"스포츠웨어(골프웨어) 제조/도서출판(단행본,유아/아동전집류(아인슈타인시리즈),잡지)/이천고속도로휴게소/문구사무용품,수입의류 판매,소매",6,13629,88500.0,44047.0,53508.0,87102.0,0.5,0.98,21.66,25.13,31.64,28.66,0,113161.0,1.28
100,010120,엘에스일렉트릭,"전동기, 발전기 및 전기 변환 · 공급 · 제어 장치 제조업","고압기기,저압기기,변압기,배전반,PLC,인버터,빌딩설비,공조기,건축배관,자동화기기 제조,동가공",6,14925,49750.0,46691.0,46912.0,47699.0,0.94,0.96,8.06,7.82,10.78,9.51,0,53561.0,1.08
101,063160,종근당바이오,의약품 제조업,"의약품,원료의약품 제조",6,2255,41100.0,31707.0,33420.0,39503.0,0.77,0.96,10.52,8.01,5.49,5.78,0,25306.0,0.62
102,037560,LG헬로비전,텔레비전 방송업,"케이블TV, 인터넷서비스 등",6,3113,4020.0,10377.0,8937.0,3823.0,2.58,0.95,2.44,-9.4,3.83,2.96,0,-4590.0,-1.14
103,054950,제이브이엠,일반 목적용 기계 제조업,"전자동 정제,분류 및 포장시스템",6,2134,33700.0,23849.0,25652.0,32056.0,0.71,0.95,11.71,4.7,6.68,9.82,0,18180.0,0.54
104,282880,코윈테크,특수 목적용 기계 제조업,"공정 자동화 설비 (2차전지, 석유화학, 반도체 및 디스플레이)",5,2248,24300.0,14096.0,16063.0,23046.0,0.58,0.95,15.72,27.52,64.78,25.64,0,59223.0,2.44
105,160980,싸이맥스,특수 목적용 기계 제조업,"웨이퍼 이송장치(Cluster Tool, EFEM, LPM 등)",6,1573,14400.0,10515.0,11175.0,13517.0,0.73,0.94,10.99,4.12,12.89,23.0,0,13404.0,0.93
106,003230,삼양식품,기타 식품 제조업,"라면,스낵,유제품,장유,식용유,사료,향신료,건강음료(루이보스 티) 제조,도매",6,9831,130500.0,56830.0,71313.0,122741.0,0.44,0.94,25.55,23.15,16.16,15.28,1,93712.0,0.72
107,131390,피앤이솔루션,"전동기, 발전기 및 전기 변환 · 공급 · 제어 장치 제조업","2차전지 공정용 장비, 산업용 정류기",5,2838,19150.0,8162.0,10327.0,18013.0,0.43,0.94,26.66,21.81,18.33,14.63,1,13640.0,0.71
108,001430,세아베스틸,1차 철강 제조업,"특수강,철도용품,자동차부품 제조,수출입",6,3694,10300.0,42424.0,35214.0,9611.0,4.12,0.93,1.45,0.93,1.14,7.09,0,13387.0,1.3
109,241560,두산밥캣,특수 목적용 기계 제조업,"Compact Equipment, Heavy Equipment, Portable Power",6,25564,25500.0,36076.0,33344.0,23643.0,1.41,0.93,4.67,7.05,7.38,8.08,0,37118.0,1.46
110,260930,씨티케이코스메틱스,기타 화학제품 제조업,완제 화장품 (색조 및 기초),5,1341,13250.0,17261.0,16151.0,12208.0,1.3,0.92,5.11,4.54,4.69,14.74,0,14489.0,1.09
111,307950,현대오토에버,소프트웨어 개발 및 공급업,"전산실운영, 시스템구축, 전산장비 납품, SOC/건축 사업",6,7770,37000.0,26502.0,28198.0,34220.0,0.72,0.92,11.06,11.71,12.59,13.72,0,38178.0,1.03
112,115960,연우,플라스틱제품 제조업,화장품 용기,6,2052,16550.0,16478.0,16155.0,15008.0,1.0,0.91,6.96,8.37,3.89,4.26,0,13352.0,0.81
113,092730,네오팜,기타 화학제품 제조업,생체기능성(아토피)보습제,6,2737,33350.0,17298.0,20157.0,30307.0,0.52,0.91,17.58,23.33,28.76,26.83,0,43323.0,1.3
114,028670,팬오션,해상 운송업,"해상화물운송(외항,운수보관)",6,19859,3715.0,4932.0,4580.0,3326.0,1.33,0.9,4.83,5.49,6.06,5.8,0,3948.0,1.06
115,099190,아이센스,의료용 기기 제조업,"혈당측정스트립, 혈당측정기기 등",6,3558,25900.0,16560.0,18035.0,23273.0,0.64,0.9,12.49,12.35,13.16,10.07,0,22908.0,0.88
116,009450,경동나비엔,가정용 기기 제조업,"가정용기름보일러,입형,횡형 온수보일러,가스보일러,버너,흡수식 냉온수기,전기보일러,진공온수보일러,태양열보일러 제조,판매",5,6497,51000.0,28819.0,32591.0,45984.0,0.57,0.9,15.13,9.59,9.23,10.73,0,29157.0,0.57
117,074600,원익QnC,유리 및 유리제품 제조업,석영유리가공제품,5,3733,14200.0,9055.0,9774.0,12330.0,0.64,0.87,11.93,1.23,21.25,18.11,0,11076.0,0.78
118,243070,휴온스,의약품 제조업,"전문의약품, 일반의약품",6,5632,57000.0,26499.0,31626.0,49834.0,0.46,0.87,19.82,21.36,31.64,32.39,0,67259.0,1.18
119,007310,오뚜기,기타 식품 제조업,"라면,마요네즈,카레,스프,당면,소오스,토마토케첩,마가린,냉동생지(바게트,크로와상),참치캔,식초,3분짜장 제조",6,20658,573000.0,402797.0,422586.0,492857.0,0.7,0.86,10.26,7.79,13.87,12.34,0,558759.0,0.98
120,021240,코웨이,그외 기타 개인 서비스업,"렌탈 서비스(정수기,비데, 필터교환 등), 가정용기기 도매,판매,제조,폐기물처리설비,수출(정수기,청정기)",5,51660,70000.0,25073.0,32788.0,60186.0,0.36,0.86,31.75,30.74,33.84,30.12,0,62605.0,0.89
121,028260,삼성물산,기타 전문 도매업,"도소매, 건설, 남자용 정장 제조업 등",5,195297,104500.0,134320.0,124430.0,89310.0,1.29,0.85,4.75,4.77,8.06,3.13,0,96988.0,0.93
122,240810,원익IPS,특수 목적용 기계 제조업,반도체 제조용 기계,6,17081,34800.0,15713.0,18716.0,29379.0,0.45,0.84,19.62,9.16,25.45,35.83,0,28844.0,0.83
123,103140,풍산,1차 비철금속 제조업,,5,6404,22850.0,42496.0,37333.0,19001.0,1.86,0.83,3.02,1.28,4.62,11.86,0,26145.0,1.14
124,003090,대웅,기타 금융업,"지주회사/의약품,화공약품,농예약품,위생용품,의료용구,식품,전기전자기구,부품 제조,판매",6,13373,23000.0,15982.0,16645.0,18997.0,0.69,0.83,9.86,10.43,5.36,12.86,0,13517.0,0.59
125,148150,세경하이테크,전자부품 제조업,DECO Film 및 기타 TAPE 제조,6,3120,26800.0,14201.0,15961.0,22212.0,0.53,0.83,14.67,18.64,46.18,-5.35,0,36064.0,1.35
126,267790,배럴,봉제의복 제조업,래쉬가드 및 워터스포츠 등,6,785,9960.0,6327.0,6719.0,8112.0,0.64,0.81,10.95,16.33,17.2,37.74,0,15077.0,1.51
127,095610,테스,특수 목적용 기계 제조업,반도체장비(화학증착장비),6,4428,22400.0,12911.0,14084.0,18253.0,0.58,0.81,12.6,4.56,21.09,32.17,0,21996.0,0.98
128,008490,서흥,기타 화학제품 제조업,"의약품(하드캅셀,건강보조식품,소프트캅셀),건강보조식품,인삼제품 제조,판매",6,6409,55400.0,30687.0,33787.0,44794.0,0.55,0.81,13.21,11.14,9.47,8.73,1,34833.0,0.63
129,215000,골프존,소프트웨어 개발 및 공급업,골프시뮬레이터,6,4512,71900.0,37823.0,42309.0,58240.0,0.53,0.81,14.32,8.21,10.63,51.19,0,65845.0,0.92
130,023160,태광,1차 철강 제조업,"각종 배관자재, 관이음쇠류 제조 및 판매,발전기부품 및 판매업,반도체장비 제조업 및 무역도매",6,1884,7110.0,14195.0,12319.0,5658.0,2.0,0.8,2.66,2.53,2.39,-3.8,1,3043.0,0.43
131,094360,칩스앤미디어,소프트웨어 개발 및 공급업,비디오 IP,6,813,8430.0,4095.0,4674.0,6727.0,0.49,0.8,15.84,14.91,9.6,-8.34,1,3934.0,0.47
132,014680,한솔케미칼,기초 화학물질 제조업,"과산화수소,라텍스,요소수지,수소액화탄산,차아황산소다 제조,판매,디지털카메라용 인화필름 제조,수출",6,15757,139500.0,56221.0,68133.0,110431.0,0.4,0.79,21.4,20.88,20.12,17.99,1,102508.0,0.73
133,003410,쌍용양회공업,"시멘트, 석회, 플라스터 및 그 제품 제조업",시멘트(크링카),6,24740,4910.0,3648.0,3686.0,3822.0,0.74,0.78,8.33,7.01,7.51,16.55,0,3987.0,0.81
134,036930,주성엔지니어링,특수 목적용 기계 제조업,LP CVD,5,3778,7830.0,5279.0,5466.0,6130.0,0.67,0.78,9.55,11.5,22.21,25.0,0,11119.0,1.42
135,030520,한글과컴퓨터,소프트웨어 개발 및 공급업,오피스소프트웨어,5,4216,17250.0,10896.0,11462.0,13472.0,0.63,0.78,10.41,8.87,3.39,11.74,0,9842.0,0.57
136,091120,이엠텍,전자부품 제조업,"마이크로스피커,리시버",6,2128,13250.0,11648.0,11326.0,10181.0,0.88,0.77,6.61,0.21,14.27,3.98,0,8101.0,0.61
137,112610,씨에스윈드,"구조용 금속제품, 탱크 및 증기발생기 제조업",풍력발전타워 제조,6,9542,55200.0,26652.0,30155.0,42597.0,0.48,0.77,15.17,9.92,1.96,12.98,0,22190.0,0.4
138,119860,다나와,소프트웨어 개발 및 공급업,"인터넷쇼핑몰 가격비교서비스, 온라인광고",6,4066,31100.0,11870.0,14443.0,23580.0,0.38,0.76,21.84,23.63,19.68,19.03,1,23322.0,0.75
139,130580,나이스디앤비,기타 사업지원 서비스업,기업신용조사 보고서,6,1925,12500.0,4817.0,5783.0,9213.0,0.39,0.74,20.41,21.19,22.21,17.75,0,9463.0,0.76
140,035760,CJ ENM,텔레비전 방송업,"의류, 생활주방, 가전제품, 보석, 기타",6,27609,125900.0,137092.0,127284.0,92456.0,1.09,0.73,4.83,3.65,8.58,13.45,0,139336.0,1.11
141,230360,에코마케팅,광고업,"온라인, 모바일 광고 종합대행업",6,6714,41450.0,11877.0,15875.0,30069.0,0.29,0.73,35.79,32.65,19.46,10.94,1,20692.0,0.5
142,031430,신세계인터내셔날,"섬유, 의복, 신발 및 가죽제품 소매업","섬유, 의복, 신발 및 가죽제품 소매",6,10639,149000.0,89136.0,93278.0,107984.0,0.6,0.72,10.12,12.98,11.09,4.96,1,117508.0,0.79
143,099320,쎄트렉아이,"항공기,우주선 및 부품 제조업","소형인공위성,지상시스템",6,1635,22500.0,10538.0,11780.0,16190.0,0.47,0.72,14.27,11.74,8.23,10.76,0,11984.0,0.53
144,194700,노바렉스,기타 식품 제조업,건강기능식품 제조,6,3602,40000.0,15424.0,18354.0,28761.0,0.39,0.72,19.53,17.23,14.51,16.8,0,21133.0,0.53
145,004370,농심,기타 식품 제조업,"라면,스낵,유지 제조,도매,수출입",6,23327,383500.0,319887.0,309680.0,273435.0,0.83,0.71,6.43,3.72,4.54,5.01,0,177262.0,0.46
146,122990,와이솔,전자부품 제조업,"SAW Filter, Wafer Chip, Duplexer",6,4437,15750.0,12075.0,11885.0,11210.0,0.77,0.71,7.13,10.19,18.89,23.62,0,24119.0,1.53
147,000640,동아쏘시오홀딩스,기타 금융업,"의약품(피로회복제/박카스,병원용의약품),비의약품(의료기기,염모제,가글제) 제조,도소매/화장품 생산",6,5807,94600.0,110456.0,100706.0,66085.0,1.17,0.7,4.2,2.67,-19.91,3.64,0,-72696.0,-0.77
148,086390,유니테스트,특수 목적용 기계 제조업,"반도체메모리주검사장비생산(메모리컴포넌트테스터,메모리모듈테스트)",6,2800,13250.0,8154.0,8391.0,9231.0,0.62,0.7,9.23,17.03,44.95,29.34,0,27896.0,2.11
149,069080,웹젠,소프트웨어 개발 및 공급업,3D 온라인게임 '뮤(MU)',6,10240,29000.0,13560.0,15037.0,20281.0,0.47,0.7,13.7,12.74,17.28,11.91,0,20602.0,0.71
150,011170,롯데케미칼,기초 화학물질 제조업,"폴리프로필렌,고밀도폴리에틸렌,에틸렌글리콜,벤젠,에틸렌옥사이드,합성지,부산물 제조",6,57411,167500.0,324358.0,278352.0,114984.0,1.94,0.69,2.34,5.51,13.04,21.52,0,525206.0,3.14
151,138080,오이솔루션,통신 및 방송 장비 제조업,광트랜시버,6,5275,49650.0,17869.0,21462.0,34222.0,0.36,0.69,20.46,44.43,3.83,-2.92,1,38583.0,0.78
152,000320,노루홀딩스,기타 금융업,지주사업,6,1216,9150.0,29063.0,24047.0,6238.0,3.18,0.68,1.37,1.25,-2.19,11.67,0,6510.0,0.71
153,039840,디오,의료용 기기 제조업,자동포장기계,6,3966,25550.0,11388.0,12729.0,17495.0,0.45,0.68,14.27,16.97,4.87,7.88,0,15269.0,0.6
154,012750,에스원,"경비, 경호 및 탐정업","부가통신 서비스(경비),안전관리용역,CCTV카메라",6,32299,85000.0,43328.0,46398.0,57297.0,0.51,0.67,11.44,11.32,8.34,12.42,0,52330.0,0.62
155,086450,동국제약,의약품 제조업,"인사돌,복합마데카솔,파미레이",6,12298,138300.0,52831.0,61553.0,92527.0,0.38,0.67,17.57,16.66,16.27,15.8,1,84569.0,0.61
156,256630,포인트엔지니어링,기타 금속 가공제품 제조업,디스플레이 및 반도체 장비 부품,6,1870,3310.0,1404.0,1577.0,2191.0,0.42,0.66,14.61,1.96,25.04,20.62,0,1989.0,0.6
157,089970,에이피티씨,특수 목적용 기계 제조업,300mm Poly Etch System,6,3671,15800.0,4576.0,5867.0,10450.0,0.29,0.66,28.57,25.08,45.18,60.77,0,14394.0,0.91
158,093320,케이아이엔엑스,"자료처리, 호스팅, 포털 및 기타 인터넷 정보매개 서비스업",인터넷연동서비스 등,6,3065,62800.0,21963.0,25910.0,39926.0,0.35,0.64,18.7,20.1,19.55,11.75,1,41161.0,0.66
159,040420,정상제이엘에스,일반 교습 학원,어학교육업,6,938,5980.0,4172.0,4087.0,3787.0,0.7,0.63,6.93,12.2,5.65,13.05,0,5981.0,1.0
160,200670,휴메딕스,의약품 제조업,"히알루론산 관절염치료제, 히알루론산 더말필러",6,2588,25950.0,12784.0,13550.0,16273.0,0.49,0.63,10.84,9.55,8.6,11.0,0,15865.0,0.61
161,009150,삼성전기,전자부품 제조업,"영상,음향,통신장비,모듈,다층인쇄회로기판,적층세라믹콘덴서,고주파필터,전압제어발진기,온도보상형수정발진기,칩인덕터,디지털위성방송수신기,광픽업,편향코일",6,94114,126000.0,74060.0,75086.0,78730.0,0.59,0.62,8.49,10.18,14.5,3.82,0,94280.0,0.75
162,000100,유한양행,의약품 제조업,"의약품(삐콤씨,알마겔,세파졸린주사,아코텍스주사,이세파신,신생아호흡곤란치료제 등),생활용품(유한락스,비누,홈키파),식혜 도매",6,34097,51000.0,27809.0,28486.0,30893.0,0.55,0.61,9.0,2.43,3.55,7.04,0,12185.0,0.24
163,241710,코스메카코리아,기타 화학제품 제조업,"화장품 OEM, ODM",5,1271,11900.0,10864.0,10039.0,7107.0,0.91,0.6,4.66,3.85,7.53,9.1,0,9078.0,0.76
164,181710,엔에이치엔,소프트웨어 개발 및 공급업,한게임,6,17511,89500.0,77608.0,72417.0,53984.0,0.87,0.6,5.01,0.78,5.79,1.12,0,26722.0,0.3
165,144960,뉴파워프라즈마,특수 목적용 기계 제조업,플라즈마 세정기(Remote Plasma Cleaning Generator),6,2847,6890.0,3624.0,3743.0,4165.0,0.53,0.6,9.42,4.15,10.65,16.91,0,3589.0,0.52
166,027410,BGF,기타 금융업,지주회사,6,4111,4295.0,12731.0,10488.0,2523.0,2.96,0.59,1.26,1.79,4.37,428.57,0,147758.0,34.4
167,053300,한국정보인증,소프트웨어 개발 및 공급업,"공인인증서, PKI솔루션 등",6,1879,6030.0,2874.0,2979.0,3355.0,0.48,0.56,9.62,8.65,10.19,7.67,0,3140.0,0.52
168,214450,파마리서치프로덕트,생활용품 도매업,재생의약품,6,5372,55800.0,24144.0,25742.0,31415.0,0.43,0.56,11.18,8.2,7.65,7.39,1,21667.0,0.39
169,185750,종근당,의약품 제조업,"딜라트렌,리피로우",6,13553,124500.0,49741.0,54254.0,70283.0,0.4,0.56,12.59,11.94,10.21,14.24,0,66246.0,0.53
170,237880,클리오,기타 화학제품 제조업,"색조화장품, 기초화장품",5,3096,18050.0,8970.0,9164.0,9856.0,0.5,0.55,8.87,2.05,0.7,5.55,0,2514.0,0.14
171,216050,인크로스,광고업,미디어렙서비스,5,2578,32000.0,10911.0,12280.0,17142.0,0.34,0.54,14.77,14.48,13.82,15.26,0,18133.0,0.57
172,228670,레이,의료용 기기 제조업,"디지털 치료솔루션(CT scan 장비, 3D 프린터), 디지털 진단시스템(X-ray, CT 등)",5,3460,52000.0,12966.0,16233.0,27834.0,0.25,0.54,25.25,27.58,25.64,8.21,1,26145.0,0.5
173,046890,서울반도체,반도체 제조업,"Display, Chip LED, Lamp",6,8279,14200.0,10592.0,9891.0,7405.0,0.75,0.52,5.04,5.27,10.1,6.73,0,10580.0,0.75
174,003850,보령제약,의약품 제조업,"의약품(제산제(겔포스),구심,용각산,고혈압치료제(카프릴),소염진통제(멘소레담),항생제(듀리세프),혈전치료제(아스트릭스)) 제조",6,7429,15600.0,6644.0,6960.0,8083.0,0.43,0.52,10.18,11.95,8.03,25.48,0,11102.0,0.71
175,290720,푸드나무,무점포 소매업,,6,1756,25800.0,8833.0,9814.0,13300.0,0.34,0.52,13.84,9.03,22.09,73.32,0,23364.0,0.91
176,067160,아프리카TV,소프트웨어 개발 및 공급업,미디어플랫폼,6,7541,65600.0,16180.0,20117.0,34097.0,0.25,0.52,24.37,32.52,26.6,23.24,1,41055.0,0.63
177,095720,웅진씽크빅,초등 교육기관,"기타출판 제조/서적,교구,통신판매 도소매/부동산 임대/교구렌탈,컴퓨터운용관련서비스",5,2994,2550.0,3484.0,2996.0,1264.0,1.37,0.5,2.4,-35.62,7.2,8.61,0,-6542.0,-2.57
178,051900,LG생활건강,기타 화학제품 제조업,"화장품,생활용품 제조,도매",6,202256,1295000.0,364307.0,425847.0,644378.0,0.28,0.5,17.86,20.32,20.98,21.94,0,631844.0,0.49
179,200130,콜마비앤에이치,기초 의약물질 및 생물학적 제제 제조업,기업인수합병,6,16131,54600.0,12786.0,15992.0,27375.0,0.23,0.5,25.12,23.84,25.89,30.94,0,28031.0,0.51
180,278650,노터스,자연과학 및 공학 연구개발업,비임상실험 유효성(약리)평가,5,2046,26900.0,7285.0,8588.0,13214.0,0.27,0.49,18.63,13.42,19.36,35.37,0,13567.0,0.5
181,018260,삼성에스디에스,"컴퓨터 프로그래밍, 시스템 통합 및 관리업","IT서비스, 물류BPO",6,138506,179000.0,84844.0,85010.0,85597.0,0.47,0.48,7.93,11.76,10.91,9.91,1,120538.0,0.67
182,230240,에치에프알,통신 및 방송 장비 제조업,통신장비제조업,6,4152,34650.0,8968.0,10598.0,16385.0,0.26,0.47,18.86,1.29,0.66,6.43,0,1683.0,0.05
183,036570,엔씨소프트,소프트웨어 개발 및 공급업,"인터넷머그게임(리니지),그룹웨어,인터넷커뮤니티 개발,유지,공급",6,207246,944000.0,194809.0,250371.0,447672.0,0.21,0.47,28.94,14.72,16.44,19.14,0,272856.0,0.29
184,100130,동국S&C,"구조용 금속제품, 탱크 및 증기발생기 제조업",Wind-Tower,6,3669,6420.0,4310.0,4017.0,2978.0,0.67,0.46,4.97,3.69,-2.55,2.74,0,891.0,0.14
185,214150,클래시스,의료용 기기 제조업,미용의료기기,6,9803,15150.0,2627.0,3585.0,6988.0,0.17,0.46,40.33,48.06,34.51,-19.95,1,5612.0,0.37
186,189300,인텔리안테크,통신 및 방송 장비 제조업,"해상용 위성통신 안테나, 해상용 위성방송 수신안테나",6,1932,25550.0,11550.0,11543.0,11516.0,0.45,0.45,7.81,10.05,13.32,5.35,0,15367.0,0.6
187,207760,미스터블루,기타 정보 서비스업,"온라인 만화 콘텐츠 서비스 및 제공, 만화 출판",6,3506,14300.0,2826.0,3622.0,6446.0,0.2,0.45,28.49,32.13,9.04,10.09,0,4795.0,0.34
188,140860,파크시스템스,"측정, 시험, 항해, 제어 및 기타 정밀기기 제조업; 광학기기 제외",연구용 및 산업용 원자현미경,6,3867,58000.0,10973.0,14210.0,25706.0,0.19,0.44,30.13,21.14,16.78,15.95,1,15979.0,0.28
189,009240,한샘,생활용품 도매업,"주방가구(씽크대),인테리어가구 판매,제조/주택신축판매",6,26123,111000.0,37324.0,39549.0,47448.0,0.34,0.43,10.82,7.32,16.63,18.29,0,49958.0,0.45
190,096530,씨젠,의료용품 및 기타 의약 관련제품 제조업,"호흡기성 병원체 검사제품, 성감염증원인균 검사제품",6,45254,172500.0,21370.0,33084.0,74680.0,0.12,0.43,99.79,19.01,8.76,2.52,1,10227.0,0.06
191,041830,인바디,의료용 기기 제조업,정밀 체성분 분석기,6,2169,15850.0,9803.0,9106.0,6634.0,0.62,0.42,4.85,15.47,17.04,19.44,0,22790.0,1.44
192,030190,NICE평가정보,기타 정보 서비스업,"개인 및 기업정보,솔루션",6,12811,21100.0,4825.0,5680.0,8715.0,0.23,0.41,18.5,19.3,20.71,18.77,0,9540.0,0.45
193,034120,SBS,텔레비전 방송업,"TV,라디오방송,광고",6,2975,16300.0,26813.0,22282.0,6194.0,1.64,0.38,1.48,3.45,0.87,2.74,0,10288.0,0.63
194,039030,이오테크닉스,특수 목적용 기계 제조업,레이저 마커 및 레이저 응용기기,6,13983,113500.0,34483.0,36474.0,43546.0,0.3,0.38,10.72,3.17,5.98,12.7,0,22954.0,0.2
195,035900,JYP Ent.,오디오물 출판 및 원판 녹음업,오디오물 출판 및 원판 녹음 관련 제품,6,10311,29050.0,6228.0,7306.0,11134.0,0.21,0.38,18.18,21.91,22.52,21.38,0,13535.0,0.47
196,086980,쇼박스,"영화, 비디오물, 방송프로그램 제작 및 배급업",영화투자및배급,6,1706,2725.0,1974.0,1761.0,1007.0,0.72,0.37,3.5,2.32,3.11,11.95,0,1203.0,0.44
197,278280,천보,기초 화학물질 제조업,"디스플레이 소재, 반도체 공정 소재, 2차전지 소재, 의약품 소재, 정밀화학 소재",6,9940,99400.0,24781.0,27325.0,36357.0,0.25,0.37,13.31,14.49,24.53,21.35,0,50985.0,0.51
198,009580,무림P&P,"펄프, 종이 및 판지 제조업","표백화학펄프(B.K.P) 제조,목재가공,조림사업",6,1765,2830.0,7857.0,6357.0,1029.0,2.78,0.36,0.82,1.64,11.83,6.65,0,7371.0,2.6
199,218410,RFHIC,통신 및 방송 장비 제조업,GaN 트랜지스터,6,9157,38400.0,9474.0,10318.0,13315.0,0.25,0.35,12.49,11.22,17.22,5.41,0,13060.0,0.34
200,290510,코리아센터,소프트웨어 개발 및 공급업,이커머스토탈솔루션,5,3797,15800.0,7459.0,7009.0,5413.0,0.47,0.34,5.27,3.75,5.19,11.22,0,5267.0,0.33
201,263700,케어랩스,소프트웨어 개발 및 공급업,"헬스케어 미디어플랫폼, 헬스케어 디지털마케팅, 헬스케어 솔루션",6,1744,20750.0,7489.0,7415.0,7152.0,0.36,0.34,7.39,0.96,8.54,28.27,0,10092.0,0.49
202,089980,상아프론테크,플라스틱제품 제조업,"LCD 부품, 사무기기 부품, PCB 부품, 2차전지 부품",6,4725,30050.0,9477.0,9488.0,9524.0,0.32,0.32,7.89,9.47,10.55,7.18,0,11360.0,0.38
203,002790,아모레퍼시픽그룹,기타 화학제품 제조업,지주회사,6,42054,51000.0,37817.0,33022.0,15997.0,0.74,0.31,2.84,4.12,4.65,6.95,0,22537.0,0.44
204,121600,나노신소재,기타 화학제품 제조업,"인듐계 산화물 TCO Target, 반도체 CMP Slurry 등",6,2880,26550.0,8747.0,8645.0,8282.0,0.33,0.31,7.31,6.35,8.93,8.51,0,8432.0,0.32
205,025900,동화기업,나무제품 제조업,"PB, MDF, 표면재,온돌마루, 창호, 도어 등",6,9231,45700.0,25538.0,22932.0,13680.0,0.56,0.3,3.7,5.3,7.02,7.26,0,21726.0,0.48
206,251270,넷마블,소프트웨어 개발 및 공급업,온라인·모바일 게임 소프트웨어 개발 및 공급,6,109393,127500.0,50917.0,48258.0,38814.0,0.4,0.3,5.59,3.53,4.36,11.17,0,36706.0,0.29
207,020150,일진머티리얼즈,전자부품 제조업,"인쇄회로기판(PCB)용 전해동박(ACF,UCF),에폭시용 동박,전해콘덴서용 알루미늄박 제조,판매",6,23793,51600.0,13034.0,13521.0,15250.0,0.25,0.3,9.65,8.52,7.8,10.33,0,13562.0,0.26
208,138250,엔에스쇼핑,무점포 소매업,TV홈쇼핑,6,4498,13350.0,10811.0,9274.0,3817.0,0.81,0.29,2.33,-1.76,8.06,13.88,0,6781.0,0.51
209,263720,디앤씨미디어,"서적, 잡지 및 기타 인쇄물 출판업",웹소설 콘텐츠,6,4186,34100.0,4841.0,5931.0,9802.0,0.14,0.29,22.61,12.44,14.36,23.42,0,6557.0,0.19
210,084370,유진테크,특수 목적용 기계 제조업,실리콘질화막증착용LP-CVD,6,6657,29050.0,10080.0,9672.0,8223.0,0.35,0.28,6.07,2.45,8.27,12.52,0,8287.0,0.29
211,098460,고영,특수 목적용 기계 제조업,전자제품및반도체생산용 3차원 납도포검사장비,6,13456,98000.0,20185.0,21817.0,27612.0,0.21,0.28,12.01,12.59,21.86,16.76,0,39275.0,0.4
212,065680,우주일렉트로,전자부품 제조업,정보통신용 초정밀커넥터,6,2856,28750.0,19377.0,16805.0,7671.0,0.67,0.27,2.64,6.37,0.37,6.01,0,11870.0,0.41
213,052710,아모텍,전자부품 제조업,"칩바리스터, 아몰퍼스코어",5,3137,32200.0,17762.0,15759.0,8645.0,0.55,0.27,3.32,0.18,3.66,14.2,0,9572.0,0.3
214,051910,LG화학,기초 화학물질 제조업,"유화/기능/합성수지,재생섬유소,산업재,리튬이온전지,평광판,PVC 제조,도매",6,373433,529000.0,222777.0,204728.0,140636.0,0.42,0.27,4.47,1.84,8.86,12.92,0,170472.0,0.32
215,090430,아모레퍼시픽,기타 화학제품 제조업,"화장품,생활용품 제조, 판매",6,91780,157000.0,69369.0,63246.0,41503.0,0.44,0.26,4.2,5.36,7.75,9.81,0,58529.0,0.37
216,035420,NAVER,"자료처리, 호스팅, 포털 및 기타 인터넷 정보매개 서비스업",포털 서비스 및 온라인 광고,6,491148,299000.0,48519.0,55005.0,78037.0,0.16,0.26,15.32,10.56,12.97,18.5,0,70649.0,0.24
217,145020,휴젤,기초 의약물질 및 생물학적 제제 제조업,"보툴리눔톡신, 필러",6,7832,181300.0,53423.0,51592.0,45090.0,0.29,0.25,6.33,6.25,9.8,15.36,0,67775.0,0.37
218,006280,녹십자,의약품 제조업,"알부민외 제조,판매",6,19750,169000.0,79898.0,70840.0,38676.0,0.47,0.23,3.3,-0.35,3.28,5.24,0,21206.0,0.13
219,253450,스튜디오드래곤,"영화, 비디오물, 방송프로그램 제작 및 배급업","드라마 제작, 판매",6,25624,91200.0,16146.0,16828.0,19249.0,0.18,0.21,9.9,6.37,9.31,9.45,0,15287.0,0.17
220,012510,더존비즈온,"컴퓨터 프로그래밍, 시스템 통합 및 관리업",응용 소프트웨어 개발 및 공급업,6,32047,108000.0,14754.0,16547.0,22914.0,0.14,0.21,14.51,18.78,23.36,23.49,0,33488.0,0.31
221,114090,GKL,유원지 및 기타 오락관련 서비스업,카지노,6,7639,12350.0,7884.0,6693.0,2462.0,0.64,0.2,2.04,12.62,14.21,15.33,0,16412.0,1.33
222,032620,유비케어,소프트웨어 개발 및 공급업,"의사랑,유팜,미소몰",6,6211,11900.0,2113.0,2182.0,2427.0,0.18,0.2,9.41,6.66,7.78,7.65,0,1921.0,0.16
223,009420,한올바이오파마,의약품 제조업,"의약품 제조,도매/부동산 임대",6,13739,26300.0,3222.0,3584.0,4867.0,0.12,0.19,13.91,14.9,2.89,5.39,0,3269.0,0.12
224,081000,일진다이아,기타 화학제품 제조업,"공업용 합성다이아몬드 제조,도매,수출입",6,7485,52700.0,11939.0,11392.0,9449.0,0.23,0.18,5.85,8.06,7.71,8.37,0,12907.0,0.24
225,003670,포스코케미칼,"내화, 비내화 요업제품 제조업","내화물, 생석회, 음극재 및 양극재",6,49096,80500.0,16003.0,15737.0,14791.0,0.2,0.18,7.09,11.57,18.96,17.16,0,31220.0,0.39
226,000250,삼천당제약,의약품 제조업,"세프메타졸, 파클캅셀, 네틸마이신",6,8035,36350.0,7198.0,7064.0,6586.0,0.2,0.18,7.0,6.82,6.04,9.39,0,6446.0,0.18
227,093370,후성,기초 화학물질 제조업,"불소화물 제조,도매",5,7372,7960.0,2081.0,1920.0,1346.0,0.26,0.17,4.6,3.85,16.04,18.23,0,3018.0,0.38
228,086900,메디톡스,기초 의약물질 및 생물학적 제제 제조업,"의약품원료(A형,B형 보툴리늄독소 단백질치료제) 제조,연구,개발",6,12218,204400.0,43545.0,41140.0,32602.0,0.21,0.16,5.47,10.24,31.5,41.32,0,158497.0,0.78
229,035720,카카오,"자료처리, 호스팅, 포털 및 기타 인터넷 정보매개 서비스업",인터넷 서비스(인터넷 광고),6,312293,355500.0,58580.0,56586.0,49506.0,0.16,0.14,6.34,-5.81,1.04,2.91,0,-16030.0,-0.05
230,290650,엘앤씨바이오,의약품 제조업,"인체조직(피부, 뼈, 연골)",5,7820,105900.0,9716.0,10950.0,15331.0,0.09,0.14,14.87,13.1,15.03,27.97,0,16807.0,0.16
231,068270,셀트리온,기초 의약물질 및 생물학적 제제 제조업,"램시마, 트룩시마, 허쥬마",6,437878,324500.0,26173.0,30161.0,44322.0,0.08,0.14,16.63,11.19,10.84,17.53,0,34128.0,0.11
232,122870,와이지엔터테인먼트,오디오물 출판 및 원판 녹음업,"음악 및 기타 오디오물 출판, 신인 아티스트 육성 및 매니지먼트",6,6982,38350.0,15208.0,12609.0,3378.0,0.4,0.09,1.42,-6.18,5.07,5.71,0,-1058.0,-0.03
233,019680,대교,초등 교육기관,"학습지,참고서 출판/건설업/종합유선방송 프로그램공급,디지털학원",6,3477,4105.0,6806.0,5350.0,178.0,1.66,0.04,0.16,2.76,2.94,6.3,0,2985.0,0.73
234,003000,부광약품,의약품 제조업,"의약품,치약,의약부외품(부광탁스,레가론,부광안티프라그) 제조",6,22564,34800.0,4371.0,3714.0,1383.0,0.13,0.04,2.07,-2.0,46.64,5.21,0,11117.0,0.32
235,900300,오가닉티코스메틱,기타 금융업,"유아용 화장품(클렌징, 여름용, 피부케어, 기능성 화장품)",6,451,793.0,0.0,0.0,0.0,0.0,0.0,0.0,12.19,19.43,22.32,0,10097.0,12.73
236,012630,HDC,기타 금융업,"토목공사,건축공사,아파트분양사업,재개발/재건축사업",6,5048,8450.0,0.0,0.0,0.0,0.0,0.0,0.0,12.58,38.82,14.36,0,104247.0,12.34
237,900280,골든센츄리,기타 금융업,트랙터용 휠 및 타이어,6,416,262.0,0.0,0.0,0.0,0.0,0.0,0.0,11.22,14.99,17.97,0,2363.0,9.02
238,003030,세아제강지주,기타 금융업,경영컨설팅업,6,1503,36300.0,0.0,0.0,0.0,0.0,0.0,0.0,-0.32,29.05,2.04,0,293544.0,8.09
239,900270,헝셩그룹,기타 금융업,자회사 제품 : 아동용 완구 및 아동복 등,6,573,716.0,0.0,0.0,0.0,0.0,0.0,0.0,12.56,10.82,15.32,0,5511.0,7.7
240,003300,한일홀딩스,"시멘트, 석회, 플라스터 및 그 제품 제조업",지주사업,6,2805,46800.0,0.0,0.0,0.0,0.0,0.0,0.0,1.38,40.39,3.79,0,314909.0,6.73
241,900080,에스앤씨엔진그룹,기타 금융업,"오토바이, 제초기, 자동차기어",6,244,197.0,0.0,0.0,0.0,0.0,0.0,0.0,1.28,4.27,4.96,0,1310.0,6.65
242,029460,케이씨,"측정, 시험, 항해, 제어 및 기타 정밀기기 제조업; 광학기기 제외",가스/Chemical 공급 장치 등 제조 및 판매,6,3104,22900.0,0.0,0.0,0.0,0.0,0.0,0.0,12.38,67.41,27.73,0,144181.0,6.3
243,151860,KG ETS,폐기물 처리업,"집단에너지(스팀), 산화동, 폐기물 소각",6,1555,4320.0,0.0,0.0,0.0,0.0,0.0,0.0,49.82,7.58,8.21,0,25131.0,5.82
244,101330,모베이스,통신 및 방송 장비 제조업,휴대전화 케이스,5,870,3630.0,0.0,0.0,0.0,0.0,0.0,0.0,18.68,9.79,7.73,1,19992.0,5.51
245,005710,대원산업,자동차 신품 부품 제조업,자동차시트,6,1016,5070.0,0.0,0.0,0.0,0.0,0.0,0.0,13.32,10.66,14.33,0,24978.0,4.93
246,900310,컬러레이,기타 금융업,화장품용 진주광택안료,6,861,1595.0,0.0,0.0,0.0,0.0,0.0,0.0,16.67,21.94,31.54,0,7815.0,4.9
247,013120,동원개발,건물 건설업,도급공사,6,3028,3335.0,0.0,0.0,0.0,0.0,0.0,0.0,11.49,18.79,18.31,0,16312.0,4.89
248,127710,아시아경제,"자료처리, 호스팅, 포털 및 기타 인터넷 정보매개 서비스업",광고 및 콘텐츠,6,390,1530.0,0.0,0.0,0.0,0.0,0.0,0.0,3.55,31.09,13.14,0,7391.0,4.83
249,011370,서한,건물 건설업,"건축, 토목",5,982,973.0,0.0,0.0,0.0,0.0,0.0,0.0,3.28,14.41,31.06,0,4438.0,4.56
250,192400,쿠쿠홀딩스,기타 금융업,주방용 전기기기 제조업,6,5747,80800.0,0.0,0.0,0.0,0.0,0.0,0.0,12.38,17.49,96.96,0,364590.0,4.51
251,002030,아세아,회사 본부 및 경영 컨설팅 서비스업,"회사본부,지주회사 및 경영컨설팅 서비스업",6,1521,69400.0,0.0,0.0,0.0,0.0,0.0,0.0,6.37,7.07,6.58,0,302451.0,4.36
252,008060,대덕,전자부품 제조업,"산업용 인쇄회로기판,다층 인쇄회로기판,빌드업기판,반도체패키지기판,메모리모듈기판 제조",6,1818,6360.0,0.0,0.0,0.0,0.0,0.0,0.0,6.38,35.2,7.22,0,27255.0,4.29
253,045100,한양이엔지,"건축기술, 엔지니어링 및 관련 기술 서비스업",반도체배관설비,6,1715,9530.0,0.0,0.0,0.0,0.0,0.0,0.0,9.33,28.01,15.21,0,39203.0,4.11
254,094850,참좋은여행,여행사 및 기타 여행보조 서비스업,여행업,5,669,4775.0,0.0,0.0,0.0,0.0,0.0,0.0,25.44,13.06,18.13,0,18893.0,3.96
255,031980,피에스케이홀딩스,특수 목적용 기계 제조업,감광액제거기,6,1438,6670.0,0.0,0.0,0.0,0.0,0.0,0.0,4.66,21.41,18.47,0,26336.0,3.95
256,005720,넥센,고무제품 제조업,"자동차용 재생타이어튜브,솔리드타이어,고무부품,골프볼,와이어로프소재,특수강선,열처리도금선,건자재 제조,판매,수출입",6,2166,4045.0,0.0,0.0,0.0,0.0,0.0,0.0,5.96,6.63,9.42,0,15638.0,3.87
257,067830,세이브존I&C,종합 소매업,"대형할인점(백화점)/부동산 임대/주차장,문화센터 운영",6,893,2175.0,0.0,0.0,0.0,0.0,0.0,0.0,5.04,6.17,7.67,0,8266.0,3.8
258,039010,현대통신,통신 및 방송 장비 제조업,홈오토메이션 제조,6,577,6690.0,0.0,0.0,0.0,0.0,0.0,0.0,13.6,25.22,28.9,0,24626.0,3.68
259,032560,황금에스티,1차 비철금속 제조업,"스테인레스 냉연, 열연",6,851,6080.0,0.0,0.0,0.0,0.0,0.0,0.0,10.23,6.48,9.66,0,21057.0,3.46
260,007340,디티알오토모티브,일차전지 및 축전지 제조업,자동차용 밧데리,6,2379,23800.0,0.0,0.0,0.0,0.0,0.0,0.0,11.5,10.76,7.77,1,82229.0,3.45
261,052330,코텍,영상 및 음향기기 제조업,"Touch Screen Monitor, 산업용 CRT Monitor",6,1347,8650.0,0.0,0.0,0.0,0.0,0.0,0.0,10.12,12.72,8.61,0,28722.0,3.32
262,900260,로스웰,기타 금융업,"CAN Control Gateway, CAN기능모듈, BCM 차체제어모듈",6,525,370.0,0.0,0.0,0.0,0.0,0.0,0.0,1.19,6.23,15.57,0,1228.0,3.32
263,009160,SIMPAC,특수 목적용 기계 제조업,"프레스,자동화장치,자동차부품 제조,도매",6,1551,2370.0,0.0,0.0,0.0,0.0,0.0,0.0,2.17,20.48,5.36,0,7843.0,3.31
264,063760,이엘피,"측정, 시험, 항해, 제어 및 기타 정밀기기 제조업; 광학기기 제외",OLED 패널검사기 등,6,525,10700.0,0.0,0.0,0.0,0.0,0.0,0.0,5.98,24.7,40.41,0,34673.0,3.24
265,009970,영원무역홀딩스,기타 금융업,"스포츠의류(등산복,운동복,스키복) 도소매,수출,섬유봉제",6,4916,36050.0,0.0,0.0,0.0,0.0,0.0,0.0,9.6,8.49,8.2,1,116205.0,3.22
266,002170,삼양통상,"가죽, 가방 및 유사제품 제조업","피혁원단,혁제운동화,혁제장갑,혁제스포츠용품 제조,상품중개,무역",6,1584,52800.0,0.0,0.0,0.0,0.0,0.0,0.0,14.22,8.96,9.56,0,167160.0,3.17
267,018310,삼목에스폼,"구조용 금속제품, 탱크 및 증기발생기 제조업","유로폼,갱폼,알루미늄폼,특수폼,유리온실사업",6,1198,8150.0,0.0,0.0,0.0,0.0,0.0,0.0,4.07,12.12,11.49,0,25817.0,3.17
268,053690,한미글로벌,"건축기술, 엔지니어링 및 관련 기술 서비스업","건축 설계,감리/건축공사,토목공사,설비공사,전기공사,안전공사",6,750,6840.0,0.0,0.0,0.0,0.0,0.0,0.0,20.64,7.06,9.08,0,21427.0,3.13
269,161000,애경유화,기초 화학물질 제조업,오르토프탈산디옥틸,6,2063,6440.0,0.0,0.0,0.0,0.0,0.0,0.0,8.62,16.36,23.22,0,20015.0,3.11
270,012620,원일특강,1차 철강 제조업,특수강,6,376,8540.0,0.0,0.0,0.0,0.0,0.0,0.0,8.77,6.34,7.22,0,26348.0,3.09
271,115310,인포바인,전기 통신업,"휴대폰인증서보관서비스(UBIKey), 유선전화결제서비스(Vinepay)",6,552,17300.0,0.0,0.0,0.0,0.0,0.0,0.0,11.0,12.72,14.62,0,53470.0,3.09
272,003240,태광산업,화학섬유 제조업,"석유화학제품(PTA,AN),화섬사,직물 등",6,7983,717000.0,0.0,0.0,0.0,0.0,0.0,0.0,4.34,7.39,5.29,0,2188204.0,3.05
273,002460,화성산업,건물 건설업,아파트 건설,6,1240,9960.0,0.0,0.0,0.0,0.0,0.0,0.0,2.06,13.61,13.5,0,29955.0,3.01
274,037710,광주신세계,종합 소매업,백화점,6,2168,135500.0,0.0,0.0,0.0,0.0,0.0,0.0,7.44,7.52,8.59,0,404610.0,2.99
275,065130,탑엔지니어링,특수 목적용 기계 제조업,LCD Cell Line 자동화 장치,6,1337,8370.0,0.0,0.0,0.0,0.0,0.0,0.0,18.76,10.15,8.72,1,25059.0,2.99
276,900250,크리스탈신소재,기타 금융업,"합성운모 플레이크, 파우더, 테이프",6,1203,1775.0,0.0,0.0,0.0,0.0,0.0,0.0,9.0,11.08,13.58,0,5210.0,2.94
277,010960,삼호개발,기반조성 및 시설물 축조관련 전문공사업,"토공사,철근콘크리트공사,포장공사,미장방수공사,상하수도공사,수중공사,비계구조물해체공사/골재,아스콘 제조,판매,중기임대",6,1070,4280.0,0.0,0.0,0.0,0.0,0.0,0.0,11.65,12.09,13.77,0,12179.0,2.85
278,094820,일진파워,전기 및 통신 공사업,"열교환기,압력용기",6,715,4745.0,0.0,0.0,0.0,0.0,0.0,0.0,12.7,18.93,20.38,0,13280.0,2.8
279,004490,세방전지,일차전지 및 축전지 제조업,"자동차용 및 산업용 축전지(연축전지) 제조,판매",6,4172,29800.0,0.0,0.0,0.0,0.0,0.0,0.0,7.7,10.32,7.76,0,83290.0,2.79
280,010400,우진아이엔에스,건물설비 설치 공사업,반도체/디스플레이 코팅덕트,6,508,6670.0,0.0,0.0,0.0,0.0,0.0,0.0,1.97,15.52,24.62,0,18565.0,2.78
281,007690,국도화학,기초 화학물질 제조업,"에폭시수지,폴리아마이드수지,아염소산소다 제조,도소매",6,1990,34250.0,0.0,0.0,0.0,0.0,0.0,0.0,6.89,9.5,9.18,0,94921.0,2.77
282,016090,대현,봉제의복 제조업,"여성의류 및 악세사리류 제조,도매,유통(백화점)",6,768,1735.0,0.0,0.0,0.0,0.0,0.0,0.0,8.65,8.34,7.44,1,4788.0,2.76
283,264660,씨앤지하이테크,특수 목적용 기계 제조업,"약액혼합공급장치, 화학약품재생장치",6,758,9020.0,0.0,0.0,0.0,0.0,0.0,0.0,19.05,24.08,40.14,0,24795.0,2.75
284,007680,대원,건물 건설업,아파트 시행 및 시공,6,1017,8780.0,0.0,0.0,0.0,0.0,0.0,0.0,3.38,11.72,9.93,0,23421.0,2.67
285,051360,토비스,영상 및 음향기기 제조업,Gaming모니터,6,1112,6650.0,0.0,0.0,0.0,0.0,0.0,0.0,11.88,11.45,8.06,1,17403.0,2.62
286,241770,메카로,기타 화학제품 제조업,반도체용 전구체 및 히터블록,6,1238,12250.0,0.0,0.0,0.0,0.0,0.0,0.0,5.89,22.5,42.16,0,31812.0,2.6
287,004560,현대비앤지스틸,1차 철강 제조업,"스텐레스냉연강판,특수강 제조",6,1074,7120.0,0.0,0.0,0.0,0.0,0.0,0.0,5.55,5.2,5.55,0,18387.0,2.58
288,076340,관악산업,기반조성 및 시설물 축조관련 전문공사업,"수중공사, 준설공사 등",6,239,4900.0,0.0,0.0,0.0,0.0,0.0,0.0,7.39,9.29,9.77,0,12632.0,2.58
289,088130,동아엘텍,특수 목적용 기계 제조업,LCD검사장비,6,729,6840.0,0.0,0.0,0.0,0.0,0.0,0.0,7.4,11.19,8.88,0,17563.0,2.57
290,015230,대창단조,자동차 신품 부품 제조업,"자동차,중장비 부품(크랭크샤프트,트랙링크조립체,커넥팅로드,중장비롤러류),기어,동력전달장치,단조가공품,단조품 제조",6,729,25500.0,0.0,0.0,0.0,0.0,0.0,0.0,8.12,7.11,7.69,0,64371.0,2.52
291,092590,럭스피아,반도체 제조업,"LED 패키지, LED 모듈",6,62,857.0,0.0,0.0,0.0,0.0,0.0,0.0,15.42,6.01,6.71,0,2140.0,2.5
292,023910,대한약품,의약품 제조업,수액제,6,1761,29350.0,0.0,0.0,0.0,0.0,0.0,0.0,18.34,22.26,23.78,0,72870.0,2.48
293,251970,펌텍코리아,플라스틱제품 제조업,화장품 용기,5,2021,16300.0,0.0,0.0,0.0,0.0,0.0,0.0,18.07,28.89,30.19,0,39952.0,2.45
294,036530,S&T홀딩스,기타 금융업,"지배,경영지도,정리,육성",6,2470,15150.0,0.0,0.0,0.0,0.0,0.0,0.0,8.78,4.36,1.14,1,36896.0,2.44
295,122450,KMH,텔레비전 방송업,방송채널사업 및 방송송출서비스,6,1723,7600.0,0.0,0.0,0.0,0.0,0.0,0.0,7.13,23.7,20.6,0,18545.0,2.44
296,005870,휴니드테크놀러지스,통신 및 방송 장비 제조업,"무선통신기기,군납용무전기,위성방송수신기 제조",5,936,6630.0,0.0,0.0,0.0,0.0,0.0,0.0,7.1,24.28,17.42,0,16087.0,2.43
297,031330,에스에이엠티,기계장비 및 관련 물품 도매업,"반도체(메모리,비메모리), CPU, TFT-LCD, 네트웍 장비, PC 및 주변기기, 이동통신수탁사업",5,2085,2085.0,0.0,0.0,0.0,0.0,0.0,0.0,16.62,15.67,16.27,0,5048.0,2.42
298,024830,세원물산,자동차 신품 부품 제조업,라디에이터서포터,6,524,6280.0,0.0,0.0,0.0,0.0,0.0,0.0,7.2,3.21,3.49,0,15166.0,2.41
299,014440,영보화학,플라스틱제품 제조업,"가교발포폴리에틸렌(아티론,영보드) 제조,판매",6,546,2730.0,0.0,0.0,0.0,0.0,0.0,0.0,3.56,4.07,23.16,0,6533.0,2.39
300,005990,매일홀딩스,낙농제품 및 식용빙과류 제조업,유제품,6,1191,8680.0,0.0,0.0,0.0,0.0,0.0,0.0,8.01,9.68,0.18,0,20535.0,2.37
301,047310,파워로직스,"전동기, 발전기 및 전기 변환 · 공급 · 제어 장치 제조업",휴대폰 배터리 등 2차전지용 보호회로,6,2475,7190.0,0.0,0.0,0.0,0.0,0.0,0.0,26.19,13.95,6.91,1,16826.0,2.34
302,060540,에스에이티,"측정, 시험, 항해, 제어 및 기타 정밀기기 제조업; 광학기기 제외","이동통신중계기용부품(제어기,광모듈,RF필터)",6,474,1815.0,0.0,0.0,0.0,0.0,0.0,0.0,11.5,8.53,9.89,0,4221.0,2.33
303,002920,유성기업,자동차 신품 부품 제조업,"철도차량부품(피스턴링,실린더라이너,발브가이드,타펫트),자동차부품,주강,주물 제조,판매",6,621,2395.0,0.0,0.0,0.0,0.0,0.0,0.0,6.47,1.4,2.37,0,5567.0,2.32
304,005810,풍산홀딩스,기타 금융업,"동판제,대,관,봉,선,소전,동파이프 제조,도매,무역",6,2092,26700.0,0.0,0.0,0.0,0.0,0.0,0.0,3.39,5.09,10.27,0,61595.0,2.31
305,049430,코메론,"측정, 시험, 항해, 제어 및 기타 정밀기기 제조업; 광학기기 제외","줄자, 냉간압연",6,799,8830.0,0.0,0.0,0.0,0.0,0.0,0.0,10.64,9.88,8.19,1,20238.0,2.29
306,225590,패션플랫폼,봉제의복 제조업,여성복,5,274,1030.0,0.0,0.0,0.0,0.0,0.0,0.0,11.69,4.87,26.69,0,2361.0,2.29
307,005430,한국공항,기타 운송관련 서비스업,"항공기 지상조업,항공화물 상하역,장비대여,항공용역사업,항공기급유,항공화물 취급,보관,부정기헬기운송,여행알선,광업,먹는샘물 제조,농축산업",6,1050,33150.0,0.0,0.0,0.0,0.0,0.0,0.0,5.07,5.93,7.49,0,75034.0,2.26
308,058650,세아홀딩스,1차 철강 제조업,지주회사/투자 및 경영컨설팅/부동산 임대,6,2896,72400.0,0.0,0.0,0.0,0.0,0.0,0.0,1.58,1.72,7.5,0,163806.0,2.26
309,080010,이상네트웍스,상품 중개업,기업간전자상거래서비스,6,536,5950.0,0.0,0.0,0.0,0.0,0.0,0.0,10.48,8.45,10.83,0,13470.0,2.26
310,025530,에스제이엠홀딩스,자동차 부품 및 내장품 판매업,지주회사및경영자문,6,379,2540.0,0.0,0.0,0.0,0.0,0.0,0.0,3.32,2.11,11.02,0,5613.0,2.21
311,093190,빅솔론,컴퓨터 및 주변장치 제조업,"POS용프린터,프린팅메카니즘",6,890,4625.0,0.0,0.0,0.0,0.0,0.0,0.0,6.57,10.29,16.24,0,10209.0,2.21
312,109860,동일금속,금속 주조업,"크롤러크레인용 트랙슈 어셈블리, 굴삭기용 아이들러 트랙슈 스프링 등",6,767,10950.0,0.0,0.0,0.0,0.0,0.0,0.0,13.31,8.93,3.7,1,24150.0,2.21
313,024120,KB오토시스,자동차 신품 부품 제조업,브레이크패드,6,753,6550.0,0.0,0.0,0.0,0.0,0.0,0.0,10.84,14.18,15.18,0,14410.0,2.2
314,030530,원익홀딩스,기타 금융업,가스캐비닛,6,3495,4525.0,0.0,0.0,0.0,0.0,0.0,0.0,4.42,10.83,11.35,0,9919.0,2.19
315,221980,케이디켐,기타 화학제품 제조업,PVC 안정제,6,468,11600.0,0.0,0.0,0.0,0.0,0.0,0.0,10.02,9.75,10.14,0,24980.0,2.15
316,046110,한일네트웍스,"자료처리, 호스팅, 포털 및 기타 인터넷 정보매개 서비스업",서비스ASP,6,548,4585.0,0.0,0.0,0.0,0.0,0.0,0.0,10.85,8.53,32.45,0,9830.0,2.14
317,094840,슈프리마에이치큐,통신 및 방송 장비 제조업,지문인식솔루션및시스템,6,501,4780.0,0.0,0.0,0.0,0.0,0.0,0.0,5.79,5.57,3.95,1,10253.0,2.14
318,225190,삼양옵틱스,사진장비 및 광학기기 제조업,디지털 카메라용 교환렌즈,6,901,8930.0,0.0,0.0,0.0,0.0,0.0,0.0,35.97,34.73,51.21,0,19092.0,2.14
319,317330,덕산테코피아,기타 화학제품 제조업,"OLED 소재, 반도체 소재",5,2481,13500.0,0.0,0.0,0.0,0.0,0.0,0.0,10.78,36.08,67.38,0,28866.0,2.14
320,053210,케이티스카이라이프,텔레비전 방송업,위성방송서비스,6,3587,7500.0,0.0,0.0,0.0,0.0,0.0,0.0,8.02,8.33,10.25,0,16010.0,2.13
321,079370,제우스,특수 목적용 기계 제조업,LCD제조용장비,6,1386,13350.0,0.0,0.0,0.0,0.0,0.0,0.0,6.43,15.7,10.71,0,28390.0,2.13
322,208890,에듀파트너,교육지원 서비스업,방과후 교육,6,24,1100.0,0.0,0.0,0.0,0.0,0.0,0.0,4.39,5.48,3.94,0,2324.0,2.11
323,297890,엘이티,특수 목적용 기계 제조업,"디스플레이 제조용 장비(도포기, 조립기, 검사기)",5,1241,17450.0,0.0,0.0,0.0,0.0,0.0,0.0,30.35,125.09,36.5,0,36890.0,2.11
324,010240,흥국,특수 목적용 기계 제조업,굴삭기 Roller 및 형단조품,6,506,4110.0,0.0,0.0,0.0,0.0,0.0,0.0,10.84,14.23,13.25,0,8643.0,2.1
325,140070,서플러스글로벌,기계장비 및 관련 물품 도매업,"반도체 제조용 장비, 유휴기계설비 도소매",6,812,2195.0,0.0,0.0,0.0,0.0,0.0,0.0,1.28,17.46,24.19,0,4589.0,2.09
326,079960,동양이엔피,"전동기, 발전기 및 전기 변환 · 공급 · 제어 장치 제조업","휴대폰용,OA기기및통신장비용,디지털가전용전원공급장치",6,986,12550.0,0.0,0.0,0.0,0.0,0.0,0.0,11.69,2.54,2.75,0,25472.0,2.03
327,003650,미창석유공업,석유 정제품 제조업,"윤활유,고무배합유,전기절연유 제조,판매,수출입",6,1002,57600.0,0.0,0.0,0.0,0.0,0.0,0.0,6.98,4.31,5.07,0,115859.0,2.01
328,014530,극동유화,석유 정제품 제조업,"윤활유,유동파라핀,왁스,방수용시트,아스팔트 제조/수입자동차,부품 도매/가스충전,산업설비 청소",6,1065,3055.0,0.0,0.0,0.0,0.0,0.0,0.0,8.75,10.57,10.48,0,6097.0,2.0
329,066620,국보디자인,실내건축 및 건축마무리 공사업,인테리어디자인,6,1148,15300.0,0.0,0.0,0.0,0.0,0.0,0.0,13.75,13.35,14.33,0,30356.0,1.98
330,019440,세아특수강,1차 철강 제조업,"냉간압조용선재,마봉강,스테인레스봉강 제조",6,878,10250.0,0.0,0.0,0.0,0.0,0.0,0.0,3.47,3.56,7.81,0,20137.0,1.96
331,001810,무림SP,"펄프, 종이 및 판지 제조업","아트지,CCP지",6,420,1895.0,0.0,0.0,0.0,0.0,0.0,0.0,0.66,5.63,5.55,0,3676.0,1.94
332,090470,제이스텍,특수 목적용 기계 제조업,기계장비(디스플레이장비),5,1375,9420.0,0.0,0.0,0.0,0.0,0.0,0.0,1.21,6.22,79.98,0,18263.0,1.94
333,078890,가온미디어,통신 및 방송 장비 제조업,디지털셋톱박스,5,880,5840.0,0.0,0.0,0.0,0.0,0.0,0.0,12.08,3.89,5.67,0,11233.0,1.92
334,002270,롯데푸드,낙농제품 및 식용빙과류 제조업,"빙과,유지,식품 제조",6,3860,341000.0,0.0,0.0,0.0,0.0,0.0,0.0,5.4,6.31,11.82,0,647108.0,1.9
335,024090,디씨엠,1차 철강 제조업,"PCM(칼라강판),라미네이트강판,산업용필름 제조,판매",6,1252,10700.0,0.0,0.0,0.0,0.0,0.0,0.0,14.18,4.29,8.6,0,20380.0,1.9
336,093520,매커스,기계장비 및 관련 물품 도매업,자일링스(Xilinx)비메모리반도체(PLDchip)유통,6,598,3700.0,0.0,0.0,0.0,0.0,0.0,0.0,9.11,18.7,20.63,0,7004.0,1.89
337,155660,DSR,1차 비철금속 제조업,합섬섬유로프,6,637,3980.0,0.0,0.0,0.0,0.0,0.0,0.0,5.83,5.54,8.15,0,7504.0,1.89
338,032750,삼진,통신 및 방송 장비 제조업,리모트컨트롤러,6,529,8810.0,0.0,0.0,0.0,0.0,0.0,0.0,17.15,2.49,4.38,0,16504.0,1.87
339,123700,에스제이엠,자동차 신품 부품 제조업,자동차및산업용Bellows,6,406,2600.0,0.0,0.0,0.0,0.0,0.0,0.0,4.23,2.62,3.55,0,4850.0,1.87
340,002810,삼영무역,기타 전문 도매업,"화공약품, 안경렌즈",6,2447,13250.0,0.0,0.0,0.0,0.0,0.0,0.0,10.32,8.99,9.58,0,24609.0,1.86
341,000850,화천기공,특수 목적용 기계 제조업,"CNC선반,CNC밀링,연마기(금속공작기계),MC공작기계,COPY밀링기계,주방품 제조,도매",6,673,30600.0,0.0,0.0,0.0,0.0,0.0,0.0,2.55,4.48,3.18,0,56730.0,1.85
342,092230,KPX홀딩스,기초 화학물질 제조업,지주회사,6,1800,42600.0,0.0,0.0,0.0,0.0,0.0,0.0,5.55,0.6,6.78,0,79005.0,1.85
343,152330,코리아오토글라스,유리 및 유리제품 제조업,자동차 안전 유리,6,2880,14400.0,0.0,0.0,0.0,0.0,0.0,0.0,9.36,13.07,14.98,0,26544.0,1.84
344,023000,삼원강재,자동차 신품 부품 제조업,"열간압연제품(평강,봉강,특수이형강,환강,자동차용 겹판스프링) 제조,판매",6,802,2005.0,0.0,0.0,0.0,0.0,0.0,0.0,5.03,5.97,5.73,0,3661.0,1.83
345,024720,한국콜마홀딩스,기타 금융업,"화장품,의약부외품의 주문자표시 제조,도매",6,3803,21200.0,0.0,0.0,0.0,0.0,0.0,0.0,10.51,18.57,10.26,0,38648.0,1.82
346,016740,두올,자동차 신품 부품 제조업,시트 커버 및 시트 원단,5,836,3090.0,0.0,0.0,0.0,0.0,0.0,0.0,7.28,9.1,9.89,0,5594.0,1.81
347,013570,디와이,기타 금융업,"자동차부품,유공압기기,소각로,자동세차기,하훼유통,발효기,모터 제조",6,1037,3940.0,0.0,0.0,0.0,0.0,0.0,0.0,4.73,1.75,6.19,0,7004.0,1.78
348,015350,부산도시가스,연료용 가스 제조 및 배관공급업,"도시가스 배관공급,가스기기 판매,설비공사",6,3938,35800.0,0.0,0.0,0.0,0.0,0.0,0.0,7.57,8.17,8.0,0,62900.0,1.76
349,126700,하이비젼시스템,사진장비 및 광학기기 제조업,카메라모듈 제조검사용 장비,6,1418,9490.0,0.0,0.0,0.0,0.0,0.0,0.0,6.97,20.91,23.24,0,16679.0,1.76
350,058730,다스코,"구조용 금속제품, 탱크 및 증기발생기 제조업","데크플레이트,도로안전시설물(가드레일,강재방호책),건축용단열재보드(경질우레탄보드),신재생에너지사업",6,792,5140.0,0.0,0.0,0.0,0.0,0.0,0.0,1.51,14.67,16.59,0,8775.0,1.71
351,068790,DMS,특수 목적용 기계 제조업,LCD 제조장비,5,1206,5230.0,0.0,0.0,0.0,0.0,0.0,0.0,10.87,10.61,2.91,1,8962.0,1.71
352,034590,인천도시가스,연료용 가스 제조 및 배관공급업,도시가스 공급/가스설비공사,5,1052,24050.0,0.0,0.0,0.0,0.0,0.0,0.0,5.87,9.19,8.22,0,40976.0,1.7
353,001130,대한제분,"곡물가공품, 전분 및 전분제품 제조업","소맥분,토코밀,프리믹스,밀가루조제품,제분부산물 제조/파스타 수입,판매",6,2721,161000.0,0.0,0.0,0.0,0.0,0.0,0.0,2.25,7.05,7.44,0,271621.0,1.69
354,016800,퍼시스,가구 제조업,"사무용 가구,의자,책상,캐비넷 제조",6,3306,28750.0,0.0,0.0,0.0,0.0,0.0,0.0,7.86,11.3,5.86,0,48110.0,1.67
355,073560,우리손에프앤지,"도축, 육류 가공 및 저장 처리업","양돈업, 도축업",5,1322,1910.0,0.0,0.0,0.0,0.0,0.0,0.0,2.32,15.93,17.99,0,3194.0,1.67
356,058860,KTis,기타 정보 서비스업,"114전화번호안내, 고객센터",6,705,2025.0,0.0,0.0,0.0,0.0,0.0,0.0,5.6,4.92,5.23,0,3348.0,1.65
357,208710,바이오로그디바이스,전자부품 제조업,모바일용 카메라모듈 부품외,6,518,1795.0,0.0,0.0,0.0,0.0,0.0,0.0,11.98,13.28,8.77,0,2964.0,1.65
358,088910,동우팜투테이블,"도축, 육류 가공 및 저장 처리업","육계,삼계",6,878,3400.0,0.0,0.0,0.0,0.0,0.0,0.0,1.39,10.07,11.1,0,5540.0,1.63
359,089470,HDC현대EP,기타 화학제품 제조업,"합성수지(PP컴파운딩가공,자동차범퍼,내장제) 제조,도소매",5,1243,3895.0,0.0,0.0,0.0,0.0,0.0,0.0,4.66,3.02,11.39,0,6347.0,1.63
360,108380,대양전기공업,선박 및 보트 건조업,"해상용 조명등기구, (함정용)전자시스템, 배전반류 등",6,1076,11250.0,0.0,0.0,0.0,0.0,0.0,0.0,6.19,6.69,6.66,0,18027.0,1.6
361,241520,DSC인베스트먼트,신탁업 및 집합투자업,투자조합 결성 및 투자,6,521,2860.0,0.0,0.0,0.0,0.0,0.0,0.0,18.82,19.53,10.97,0,4537.0,1.59
362,107590,미원홀딩스,기타 금융업,도료첨가제,6,1096,47250.0,0.0,0.0,0.0,0.0,0.0,0.0,11.03,7.62,7.5,1,74698.0,1.58
363,011500,한농화성,기타 화학제품 제조업,"계면활성제,글리콜에테르 제조,판매",6,732,4680.0,0.0,0.0,0.0,0.0,0.0,0.0,8.58,5.32,8.29,0,7344.0,1.57
364,028100,동아지질,기반조성 및 시설물 축조관련 전문공사업,"보링그라우팅공사,토공사,철근콘크리트공사,상하수도공사,비계구조물해체공사,수중공사/지질조사,시공감리",6,1742,15150.0,0.0,0.0,0.0,0.0,0.0,0.0,10.33,11.32,11.19,0,23598.0,1.56
365,037030,파워넷,"전동기, 발전기 및 전기 변환 · 공급 · 제어 장치 제조업",전력변환장치,5,649,4775.0,0.0,0.0,0.0,0.0,0.0,0.0,10.78,11.45,23.89,0,7450.0,1.56
366,065710,서호전기,"전동기, 발전기 및 전기 변환 · 공급 · 제어 장치 제조업",항만크레인 구동전기장치,6,984,19100.0,0.0,0.0,0.0,0.0,0.0,0.0,22.33,8.88,10.47,0,29432.0,1.54
367,134380,미원화학,기타 화학제품 제조업,"계면활성제, 황산및분황",6,1174,53400.0,0.0,0.0,0.0,0.0,0.0,0.0,14.07,8.51,15.82,0,82215.0,1.54
368,293480,하나제약,의약품 제조업,완제의약품,5,3572,22050.0,0.0,0.0,0.0,0.0,0.0,0.0,13.3,18.28,35.63,0,34006.0,1.54
369,033160,엠케이전자,전자부품 제조업,반도체용세금선,6,1775,8140.0,0.0,0.0,0.0,0.0,0.0,0.0,2.34,8.47,16.27,0,12252.0,1.51
370,131030,디에이치피코리아,의약품 제조업,티어린프리점안액,6,1246,7520.0,0.0,0.0,0.0,0.0,0.0,0.0,14.41,11.03,15.92,0,11339.0,1.51
371,001560,제일연마,기타 비금속 광물제품 제조업,"연마석,다이아몬드공구 제조,도소매/주택건설",6,611,6110.0,0.0,0.0,0.0,0.0,0.0,0.0,7.84,6.87,5.6,1,9151.0,1.5
372,069730,DSR제강,1차 철강 제조업,"와이어로프,각종 경강선,철선제품,PC강선,아연도 강연선 제조",6,595,4130.0,0.0,0.0,0.0,0.0,0.0,0.0,4.86,5.55,3.91,0,6197.0,1.5
373,039240,경남스틸,1차 철강 제조업,"냉연강판,아연도강판, 산세코일, 열연아연도금강판, 전기아연도금강판 등",6,430,1720.0,0.0,0.0,0.0,0.0,0.0,0.0,5.4,6.49,5.38,0,2562.0,1.49
374,251630,브이원텍,특수 목적용 기계 제조업,LCD/OLED 압흔검사기,6,1135,7540.0,0.0,0.0,0.0,0.0,0.0,0.0,8.37,22.1,25.67,0,11164.0,1.48
375,289010,아이스크림에듀,"서적, 잡지 및 기타 인쇄물 출판업",아이스크림홈런,6,1074,8350.0,0.0,0.0,0.0,0.0,0.0,0.0,8.07,25.56,23.23,0,12389.0,1.48
376,260970,에스앤디,기타 식품 제조업,그릴치킨농축액 외,6,434,143000.0,0.0,0.0,0.0,0.0,0.0,0.0,20.69,16.95,20.14,0,210242.0,1.47
377,015710,코콤,통신 및 방송 장비 제조업,비디오도어폰,6,1024,5840.0,0.0,0.0,0.0,0.0,0.0,0.0,7.12,12.88,10.92,0,8511.0,1.46
378,067280,멀티캠퍼스,기타 교육기관,e-Learning서비스,6,1784,30100.0,0.0,0.0,0.0,0.0,0.0,0.0,18.19,19.36,15.29,0,43577.0,1.45
379,100220,비상교육,"서적, 잡지 및 기타 인쇄물 출판업","참고서 출판/소프트웨어 개발,공급",6,911,7010.0,0.0,0.0,0.0,0.0,0.0,0.0,5.36,1.17,8.95,0,10171.0,1.45
380,009070,케이씨티시,도로 화물 운송업,"화물자동차운송,항만하역,창고보관,컨테이너조작,중량물해상운송",6,680,2265.0,0.0,0.0,0.0,0.0,0.0,0.0,3.75,3.88,4.96,0,3270.0,1.44
381,023450,동남합성,기초 화학물질 제조업,"계면활성제,정밀화학품 제조,도매/부동산 임대",6,1117,30950.0,0.0,0.0,0.0,0.0,0.0,0.0,26.23,10.39,2.75,1,44713.0,1.44
382,049520,유아이엘,전자부품 제조업,스마트폰 기구부품,6,888,4075.0,0.0,0.0,0.0,0.0,0.0,0.0,4.92,5.49,8.79,0,5878.0,1.44
383,000590,CS홀딩스,기타 금융업,"브랜드 수익, 자회사 배당",6,726,62900.0,0.0,0.0,0.0,0.0,0.0,0.0,4.35,2.89,2.74,1,89770.0,1.43
384,041440,에버다임,특수 목적용 기계 제조업,"콘크리트펌프트럭, 중장비개량사업",6,643,3590.0,0.0,0.0,0.0,0.0,0.0,0.0,0.61,5.4,10.03,0,5119.0,1.43
385,049960,쎌바이오텍,기초 의약물질 및 생물학적 제제 제조업,유산균 원말 및 완제품,6,1466,15600.0,0.0,0.0,0.0,0.0,0.0,0.0,6.91,19.8,20.88,0,22269.0,1.43
386,126600,코프라,합성고무 및 플라스틱 물질 제조업,엔지니어링 플라스틱 칩,6,666,3155.0,0.0,0.0,0.0,0.0,0.0,0.0,8.5,4.85,6.01,0,4527.0,1.43
387,036560,영풍정밀,일반 목적용 기계 제조업,"펌프, 벨브, 공사,주조 등",6,1017,6460.0,0.0,0.0,0.0,0.0,0.0,0.0,4.42,3.8,2.99,1,9155.0,1.42
388,072710,농심홀딩스,기타 금융업,"지주회사,투자자문,경영컨설팅 서비스",6,3803,82000.0,0.0,0.0,0.0,0.0,0.0,0.0,4.03,5.32,4.78,0,116095.0,1.42
389,120030,조선선재,기타 금속 가공제품 제조업,용접재료,6,1446,115000.0,0.0,0.0,0.0,0.0,0.0,0.0,12.02,11.75,16.58,0,160783.0,1.4
390,212560,네오오토,자동차 신품 부품 제조업,"피니언 기어, 디프 어셈블리, 대형기어",6,371,4715.0,0.0,0.0,0.0,0.0,0.0,0.0,3.18,7.73,5.84,0,6607.0,1.4
391,000050,경방,종합 소매업,"섬유류(면사,면혼방사,면직물,면혼방직물,화섬사,화섬직물) 제조,도매,수출입",6,3166,11550.0,0.0,0.0,0.0,0.0,0.0,0.0,6.01,2.87,3.67,0,16018.0,1.39
392,001460,BYC,봉제의복 제조업,"메리야스,란제리 제조,도매/건축공사/부동산 임대,분양,공급",6,1293,207000.0,0.0,0.0,0.0,0.0,0.0,0.0,6.6,2.26,1.56,1,284710.0,1.38
393,025540,한국단자공업,"전동기, 발전기 및 전기 변환 · 공급 · 제어 장치 제조업","전기변환장치(광커넥터,통신용콘넥터,정밀압착단자설계) 제조,무역(수출)",6,3635,34900.0,0.0,0.0,0.0,0.0,0.0,0.0,4.55,5.8,7.72,0,47788.0,1.37
394,029530,신도리코,컴퓨터 및 주변장치 제조업,"복사기,팩시밀리,프린터,주변기기 제조,판매",6,2318,23000.0,0.0,0.0,0.0,0.0,0.0,0.0,1.66,4.06,3.73,0,31291.0,1.36
395,269620,시스웍,"측정, 시험, 항해, 제어 및 기타 정밀기기 제조업; 광학기기 제외","클린룸 제어시스템, BLDC모터, 공조장치 제어기 등",6,419,2325.0,0.0,0.0,0.0,0.0,0.0,0.0,5.25,14.15,24.38,0,3151.0,1.36
396,059120,아진엑스텍,반도체 제조업,"전자집적회로, 모션제어칩",6,418,6020.0,0.0,0.0,0.0,0.0,0.0,0.0,5.71,10.87,18.49,0,8116.0,1.35
397,250000,보라티알,음·식료품 및 담배 도매업,"유가공품, 소스류, 파스타류",5,550,8140.0,0.0,0.0,0.0,0.0,0.0,0.0,6.26,9.77,24.34,0,10973.0,1.35
398,214180,민앤지,기타 정보 서비스업,휴대폰부가서비스,6,1768,14300.0,0.0,0.0,0.0,0.0,0.0,0.0,15.71,14.79,17.03,0,19103.0,1.34
399,004450,삼화왕관,기타 금속 가공제품 제조업,"납세용 일반병마개,알루미늄캡,플라스틱캡 제조,판매,금속인쇄,수출",6,947,43950.0,0.0,0.0,0.0,0.0,0.0,0.0,5.88,7.21,6.37,0,57984.0,1.32
400,049950,미래컴퍼니,특수 목적용 기계 제조업,EdgeGrinder,6,2082,24900.0,0.0,0.0,0.0,0.0,0.0,0.0,11.06,19.53,33.11,0,32308.0,1.3
401,004590,한국가구,생활용품 도매업,소파,6,677,4515.0,0.0,0.0,0.0,0.0,0.0,0.0,5.97,7.69,6.27,0,5819.0,1.29
402,117580,대성에너지,연료용 가스 제조 및 배관공급업,천연가스,5,1330,4835.0,0.0,0.0,0.0,0.0,0.0,0.0,4.28,4.28,5.01,0,6257.0,1.29
403,021080,에이티넘인베스트,신탁업 및 집합투자업,벤처캐피탈,6,775,1615.0,0.0,0.0,0.0,0.0,0.0,0.0,8.7,9.6,12.87,0,2054.0,1.27
404,032280,삼일,도로 화물 운송업,운송및하역수입,6,299,1845.0,0.0,0.0,0.0,0.0,0.0,0.0,5.18,4.18,3.29,1,2338.0,1.27
405,110990,디아이티,특수 목적용 기계 제조업,평판디스플레이 검사장비,6,1291,6830.0,0.0,0.0,0.0,0.0,0.0,0.0,7.85,5.29,9.49,0,8649.0,1.27
406,005160,동국산업,1차 철강 제조업,"철강무역,강판제품제조",6,1454,2680.0,0.0,0.0,0.0,0.0,0.0,0.0,3.58,2.82,5.41,0,3378.0,1.26
407,036670,KCI,기타 화학제품 제조업,"폴리머,레진,계면활성제",6,1161,10300.0,0.0,0.0,0.0,0.0,0.0,0.0,18.92,17.09,8.29,1,12982.0,1.26
408,037460,삼지전자,통신 및 방송 장비 제조업,"통신기기,정보기기,BACKLIGHTUNIT사업",6,1852,11350.0,0.0,0.0,0.0,0.0,0.0,0.0,7.12,7.62,17.28,0,14345.0,1.26
409,203450,유니온커뮤니티,통신 및 방송 장비 제조업,지문인식출입통제기,5,421,2870.0,0.0,0.0,0.0,0.0,0.0,0.0,12.2,11.14,5.7,1,3605.0,1.26
410,004020,현대제철,1차 철강 제조업,"H형강,제철,제강,철근,압연,스테인레스,주강,시트파일 제조,수출입,중기부품(탱크바퀴)제조,판매",6,27290,20450.0,0.0,0.0,0.0,0.0,0.0,-0.83,0.1,2.39,4.35,0,25579.0,1.25
411,004360,세방,도로 화물 운송업,"도로운송,항만하역,창고,지게차 임대",6,1998,10350.0,0.0,0.0,0.0,0.0,0.0,0.0,0.68,5.47,4.11,0,12944.0,1.25
412,008470,부스타,"구조용 금속제품, 탱크 및 증기발생기 제조업","관류보일러,진공온수보일러,무압온수보일러,난방기 제조,판매",6,374,4445.0,0.0,0.0,0.0,0.0,0.0,0.0,4.83,4.26,6.86,0,5564.0,1.25
413,041930,동아화성,고무제품 제조업,자동차용 고무부품,6,997,6310.0,0.0,0.0,0.0,0.0,0.0,0.0,9.72,6.56,9.76,0,7899.0,1.25
414,010040,한국내화,"내화, 비내화 요업제품 제조업","내화벽돌,내화몰탈,축로등 제조,판매",6,756,3305.0,0.0,0.0,0.0,0.0,0.0,0.0,3.18,5.66,10.07,0,4099.0,1.24
415,038010,제일테크노스,"구조용 금속제품, 탱크 및 증기발생기 제조업",DECK PKATE,6,498,5530.0,0.0,0.0,0.0,0.0,0.0,0.0,5.58,7.34,5.19,0,6808.0,1.23
416,002600,조흥,기타 식품 제조업,"휘핑크림,인스턴트이스트,프루츠칵테일,크림치즈,견과류,건조과일 제조,판매/주택 신축,판매",6,930,155000.0,0.0,0.0,0.0,0.0,0.0,0.0,6.15,6.54,9.67,0,188982.0,1.22
417,004250,엔피씨,플라스틱제품 제조업,"산업용기프라스틱제품(플라스틱 파렛트,시트 파렛트) 제조,판매",6,1289,3510.0,0.0,0.0,0.0,0.0,0.0,0.0,5.29,4.63,4.74,0,4283.0,1.22
418,009300,삼아제약,의약품 제조업,"노마에프, 아토크건조시럽, 코데날정, 코코시럽, 스마엘",6,1000,15700.0,0.0,0.0,0.0,0.0,0.0,0.0,6.2,5.55,3.8,1,18968.0,1.21
419,035510,신세계I&C,"컴퓨터 프로그래밍, 시스템 통합 및 관리업","IT시스템 개발, 운영 및 유지보수, IT 컨설팅, IT장비솔루션 총판, 아웃소싱, IDC, IT기기 및 휴대폰 유통, 전자상품권",6,1995,116000.0,0.0,0.0,0.0,0.0,0.0,0.0,5.44,16.32,5.98,0,139348.0,1.2
420,204020,그리티,봉제의복 제조업,"내의(원더브라, 플레이텍스, 미싱도로시, 르페)",6,502,2490.0,0.0,0.0,0.0,0.0,0.0,0.0,2.43,7.9,15.18,0,2992.0,1.2
421,234340,세틀뱅크,기타 정보 서비스업,"가상계좌중계, 간편현금결제",5,2627,28350.0,0.0,0.0,0.0,0.0,0.0,0.0,15.54,25.15,26.66,0,33948.0,1.2
422,092300,현우산업,전자부품 제조업,인쇄회로판(PCB),6,461,3015.0,0.0,0.0,0.0,0.0,0.0,0.0,3.05,8.88,6.68,0,3585.0,1.19
423,105740,디케이락,일반 목적용 기계 제조업,"DK-Lok 피팅, D-Pro 밸브",6,714,8450.0,0.0,0.0,0.0,0.0,0.0,0.0,9.57,6.92,0.63,1,10093.0,1.19
424,002290,삼일기업공사,건물 건설업,도급공사,6,351,2830.0,0.0,0.0,0.0,0.0,0.0,0.0,5.69,5.57,4.95,1,3344.0,1.18
425,236200,슈프리마,통신 및 방송 장비 제조업,바이오인식 관련 제품,6,2352,32700.0,0.0,0.0,0.0,0.0,0.0,0.0,21.18,11.06,9.8,1,38716.0,1.18
426,065510,휴비츠,의료용 기기 제조업,"자동검안기, 자동렌즈미터",6,832,7000.0,0.0,0.0,0.0,0.0,0.0,0.0,9.16,8.72,3.99,1,8219.0,1.17
427,008420,문배철강,1차 철강 제조업,"철강재중 판재류(후판,박판,무늬강판) 제조,도매",6,544,2655.0,0.0,0.0,0.0,0.0,0.0,0.0,2.14,4.7,10.48,0,3076.0,1.16
428,079000,와토스코리아,플라스틱제품 제조업,위생도기용부속(양변기용),6,357,4955.0,0.0,0.0,0.0,0.0,0.0,0.0,4.23,3.98,5.13,0,5731.0,1.16
429,307930,컴퍼니케이,기타 금융업,중소 벤처기업 투자,6,1122,7190.0,0.0,0.0,0.0,0.0,0.0,0.0,22.88,25.53,0.0,0,8346.0,1.16
430,035150,백산,플라스틱제품 제조업,"P.U.인조피혁,부직포인공피혁 제조,무역",5,1204,4975.0,0.0,0.0,0.0,0.0,0.0,0.0,4.9,11.66,7.27,0,5735.0,1.15
431,006890,태경케미컬,기초 화학물질 제조업,"드라이아이스,액체탄산,고체탄산 제조",6,741,6390.0,0.0,0.0,0.0,0.0,0.0,0.0,8.67,2.83,1.7,1,7295.0,1.14
432,016580,환인제약,의약품 제조업,"의약품(신경정신질환치료제,소화기관용약제,연고) 제조,도매",6,2641,14200.0,0.0,0.0,0.0,0.0,0.0,0.0,7.01,8.56,11.73,0,16159.0,1.14
433,003780,진양산업,플라스틱제품 제조업,"합성수지,폴리우레탄스폰지 제조,도매,수출입",6,562,4320.0,0.0,0.0,0.0,0.0,0.0,0.0,17.84,6.93,4.78,1,4846.0,1.12
434,145990,삼양사,기타 식품 제조업,설탕,6,4229,41000.0,0.0,0.0,0.0,0.0,0.0,0.0,3.07,4.13,3.31,0,45977.0,1.12
435,036690,코맥스,통신 및 방송 장비 제조업,"홈네트워크시스템,CCTV 방송설비",6,519,3465.0,0.0,0.0,0.0,0.0,0.0,0.0,5.68,4.66,12.14,0,3853.0,1.11
436,003200,일신방직,방적 및 가공사 제조업,"면사,P/C혼방사,P/C혼방직물,화섬사 제조,수출",6,1579,65800.0,0.0,0.0,0.0,0.0,0.0,0.0,1.0,3.06,2.34,0,72472.0,1.1
437,026960,동서,음·식료품 및 담배 도매업,"식품 유통, 다류 및 연포장재 제조 등",6,15852,15900.0,0.0,0.0,0.0,0.0,0.0,0.0,10.53,9.39,10.21,0,17484.0,1.1
438,042500,링네트,"컴퓨터 프로그래밍, 시스템 통합 및 관리업",네트워크 구축(Network Integration),6,782,5140.0,0.0,0.0,0.0,0.0,0.0,0.0,12.73,6.51,8.91,0,5672.0,1.1
439,045060,오공,기타 화학제품 제조업,"접착제,씰란트,광택제,연마제",6,918,5420.0,0.0,0.0,0.0,0.0,0.0,0.0,9.79,9.59,10.7,0,5943.0,1.1
440,101240,씨큐브,기초 화학물질 제조업,진주광택안료,6,740,7300.0,0.0,0.0,0.0,0.0,0.0,0.0,11.4,9.27,8.43,1,8025.0,1.1
441,149950,아바텍,전자부품 제조업,"Glass Slimming & ITO코팅 제품, PDP필터",6,1111,7120.0,0.0,0.0,0.0,0.0,0.0,0.0,5.3,5.63,11.2,0,7745.0,1.09
442,033270,유나이티드,의약품 제조업,"홈타민 진생연질60C(비타민제),항암제,항생제,순환기계,해열진통제,소화기계약품 제조",6,4496,27700.0,0.0,0.0,0.0,0.0,0.0,0.0,12.79,14.73,14.7,0,29968.0,1.08
443,037330,인지디스플레,전자부품 제조업,"TFT-LCDCHASSIS,TFT-LCDLAMPREFLECTOR,ICLEADFRAME,TRLEADFRAME",5,753,1715.0,0.0,0.0,0.0,0.0,0.0,0.0,2.7,6.61,1.42,0,1847.0,1.08
444,050960,수산아이앤티,소프트웨어 개발 및 공급업,"공유단말접속관리서비스, 보안솔루션 등",6,399,5910.0,0.0,0.0,0.0,0.0,0.0,0.0,3.9,4.37,6.12,0,6367.0,1.08
445,123570,이엠넷,광고업,온라인 검색광고 대행,6,762,3420.0,0.0,0.0,0.0,0.0,0.0,0.0,13.02,8.88,9.32,0,3680.0,1.08
446,147830,제룡산업,"구조용 금속제품, 탱크 및 증기발생기 제조업",송배전 금구류 및 합성수지 제품,6,472,4720.0,0.0,0.0,0.0,0.0,0.0,0.0,4.54,5.96,16.76,0,5113.0,1.08
447,166090,하나머티리얼즈,반도체 제조업,"실리콘부품, 세라믹부품, 특수가스",6,4809,24500.0,0.0,0.0,0.0,0.0,0.0,0.0,20.86,35.33,30.56,0,26346.0,1.08
448,006140,피제이전자,의료용 기기 제조업,EMS Business(의료용기기제조외),6,713,4755.0,0.0,0.0,0.0,0.0,0.0,0.0,4.61,6.9,5.98,0,5099.0,1.07
449,004780,대륙제관,기타 금속 가공제품 제조업,휴대용부탄가스 및 금속포장용기,6,692,4350.0,0.0,0.0,0.0,0.0,0.0,0.0,5.1,3.56,9.95,0,4624.0,1.06
450,053260,금강철강,1차 철강 제조업,"냉연압연강판, 산세코일",6,570,3045.0,0.0,0.0,0.0,0.0,0.0,0.0,4.0,4.86,2.79,0,3233.0,1.06
451,126560,현대에이치씨엔,텔레비전 방송업,방송업,6,5085,4505.0,0.0,0.0,0.0,0.0,0.0,0.0,5.19,5.77,6.71,0,4785.0,1.06
452,194370,제이에스코퍼레이션,"가죽, 가방 및 유사제품 제조업",핸드백 및 지갑,6,920,6900.0,0.0,0.0,0.0,0.0,0.0,0.0,5.26,3.76,3.71,1,7204.0,1.04
453,003800,에이스침대,가구 제조업,침대,6,4819,43450.0,0.0,0.0,0.0,0.0,0.0,0.0,9.41,6.96,6.94,1,44587.0,1.03
454,007590,동방아그로,"비료, 농약 및 살균, 살충제 제조업","농약(잡초발생전 토양처리형 밭잡초약,부메랑,주움,그라목손) 제조,도매",6,851,6250.0,0.0,0.0,0.0,0.0,0.0,0.0,4.79,4.69,4.63,1,6428.0,1.03
455,189980,흥국에프엔비,비알코올음료 및 얼음 제조업,"과일음료(에이드베이스, 스무디, 착즙쥬스 등)",6,606,1650.0,0.0,0.0,0.0,0.0,0.0,0.0,8.57,4.71,4.64,1,1705.0,1.03
456,246690,TS인베스트먼트,신탁업 및 집합투자업,투자조합 결성 및 투자,6,582,2480.0,0.0,0.0,0.0,0.0,0.0,0.0,14.93,15.77,7.54,0,2557.0,1.03
457,263860,지니언스,소프트웨어 개발 및 공급업,네트워크 접근 제어 솔루션(NAC),5,468,4950.0,0.0,0.0,0.0,0.0,0.0,0.0,9.43,8.27,13.63,0,5095.0,1.03
458,002840,미원상사,기타 화학제품 제조업,"계면활성제,분황,황산,도료첨가제,프라스틱첨가제 제조",6,3737,75200.0,0.0,0.0,0.0,0.0,0.0,0.0,14.74,11.37,14.93,0,76831.0,1.02
459,025770,한국정보통신,전기 통신업,신용카드조회기,6,3505,9360.0,0.0,0.0,0.0,0.0,0.0,0.0,12.7,14.21,15.85,0,9543.0,1.02
460,084110,휴온스글로벌,의약품 제조업,"비만치료제,국소마취제등",6,3663,31950.0,0.0,0.0,0.0,0.0,0.0,0.0,7.2,8.22,7.8,0,32648.0,1.02
461,049720,고려신용정보,기타 사업지원 서비스업,"채권추심, 신용조사",6,798,5580.0,0.0,0.0,0.0,0.0,0.0,0.0,31.75,25.63,21.07,1,5661.0,1.01
462,066670,디스플레이텍,전자부품 제조업,LCD Module,6,596,3190.0,0.0,0.0,0.0,0.0,0.0,0.0,3.61,2.01,3.22,0,3230.0,1.01
463,187870,디바이스이엔지,특수 목적용 기계 제조업,OLED용 FM MASK 세정장비,5,1319,18750.0,0.0,0.0,0.0,0.0,0.0,0.0,7.48,25.39,20.12,0,19029.0,1.01
464,005680,삼영전자공업,전자부품 제조업,"전자부품(알루미늄 전해콘덴서),전기이중층콘덴서,센서 제조,도매",6,1434,7170.0,0.0,0.0,0.0,0.0,0.0,0.0,1.77,3.18,2.25,0,7167.0,1.0
465,016710,대성홀딩스,회사 본부 및 경영 컨설팅 서비스업,"도시가스,일반가스 공급/가스기기,차량용 연료 판매/해외자원개발,부동산 임대",6,2188,13600.0,0.0,0.0,0.0,0.0,0.0,0.0,3.24,4.79,5.34,0,13630.0,1.0
466,277070,린드먼아시아,신탁업 및 집합투자업,"투자조합, PEF 결성 및 투자",6,668,4945.0,0.0,0.0,0.0,0.0,0.0,0.0,9.73,12.51,15.13,0,4947.0,1.0
467,002960,한국쉘석유,석유 정제품 제조업,"윤활유,그리스 제조,도매",6,2990,230000.0,0.0,0.0,0.0,0.0,0.0,0.0,21.3,25.09,24.64,0,222126.0,0.97
468,072950,빛샘전자,전자부품 제조업,"전광판용 LED 모듈, LED 전광판, 광접속함체",6,296,4940.0,0.0,0.0,0.0,0.0,0.0,0.0,3.46,3.16,6.76,0,4774.0,0.97
469,138070,신진에스엠,기타 금속 가공제품 제조업,표준 플레이트,6,439,4895.0,0.0,0.0,0.0,0.0,0.0,0.0,3.46,4.66,7.74,0,4739.0,0.97
470,197140,디지캡,소프트웨어 개발 및 공급업,"보호솔루션, 방송서비스솔루션 등",6,282,3800.0,0.0,0.0,0.0,0.0,0.0,0.0,4.72,5.53,16.0,0,3681.0,0.97
471,000070,삼양홀딩스,기타 금융업,"지주회사,경영자문컨설팅",6,5918,69100.0,0.0,0.0,0.0,0.0,0.0,0.0,2.18,5.02,2.76,0,66270.0,0.96
472,096770,SK이노베이션,석유 정제품 제조업,"석유정제,석유화학제품,윤활유제품,아스팔트제품,의약중간체 제조,판매,유전개발,대체에너지사업",5,120668,130500.0,0.0,0.0,0.0,0.0,0.0,-9.51,-0.2,9.12,11.96,0,124932.0,0.96
473,258830,세종메디칼,의료용 기기 제조업,복강경수술용 투관침 등,6,662,9770.0,0.0,0.0,0.0,0.0,0.0,0.0,7.76,11.7,16.02,0,9369.0,0.96
474,035250,강원랜드,유원지 및 기타 오락관련 서비스업,"카지노,관광호텔,골프장,스키장,체육시설 운영",6,49741,23250.0,0.0,0.0,0.0,0.0,0.0,-1.35,9.16,8.39,12.96,0,22128.0,0.95
475,237750,피앤씨테크,"전동기, 발전기 및 전기 변환 · 공급 · 제어 장치 제조업",배전자동화단말장치,6,397,6110.0,0.0,0.0,0.0,0.0,0.0,0.0,4.74,4.13,7.14,0,5775.0,0.95
476,004840,DRB동일,기타 금융업,"고무벨트(V벨트,콘베이어벨트,평벨트),프라스틱제품 제조,판매",6,1345,6750.0,0.0,0.0,0.0,0.0,0.0,0.0,2.54,1.83,5.36,0,6327.0,0.94
477,089140,넥스턴,유리 및 유리제품 제조업,CNC자동선반,6,910,7680.0,0.0,0.0,0.0,0.0,0.0,0.0,5.89,5.93,7.46,0,7113.0,0.93
478,100250,진양홀딩스,플라스틱제품 제조업,"투자,경영컨설팅",6,1347,2410.0,0.0,0.0,0.0,0.0,0.0,0.0,4.98,0.36,3.3,0,2233.0,0.93
479,044060,조광ILI,일반 목적용 기계 제조업,"안전밸브,스팀트랩",6,573,5800.0,0.0,0.0,0.0,0.0,0.0,0.0,6.4,9.05,6.67,0,5364.0,0.92
480,011040,경동제약,의약품 제조업,"로사졸정, 시사프렌정, 디로핀정, 타론정.주",6,2416,9100.0,0.0,0.0,0.0,0.0,0.0,0.0,9.18,2.42,9.5,0,8324.0,0.91
481,038070,서린바이오,기타 전문 도매업,생명과학연구기기및시약,6,888,11100.0,0.0,0.0,0.0,0.0,0.0,0.0,15.67,4.99,4.12,1,10151.0,0.91
482,163560,동일고무벨트,고무제품 제조업,"산업용고무제품, 종합고무부품",6,1134,8310.0,0.0,0.0,0.0,0.0,0.0,0.0,4.35,5.65,0.62,0,7524.0,0.91
483,007770,한일화학,기초 화학물질 제조업,산화아연,6,340,9680.0,0.0,0.0,0.0,0.0,0.0,0.0,1.8,3.11,3.74,0,8689.0,0.9
484,035200,프럼파스트,플라스틱제품 제조업,주택건설용 플라스틱 배관,6,289,2965.0,0.0,0.0,0.0,0.0,0.0,0.0,3.34,4.7,13.9,0,2679.0,0.9
485,003100,선광,기타 운송관련 서비스업,"항만하역, 해사(바다모래)",5,1033,15650.0,0.0,0.0,0.0,0.0,0.0,0.0,1.65,3.42,1.97,0,13853.0,0.89
486,042700,한미반도체,특수 목적용 기계 제조업,"반도체 후공정장비,반도체금형 제조/부동산 매매,임대",6,4470,8680.0,0.0,0.0,0.0,0.0,0.0,0.0,8.85,23.37,4.57,0,7766.0,0.89
487,093920,서원인텍,통신 및 방송 장비 제조업,휴대폰용키패드및부자재,6,1233,6630.0,0.0,0.0,0.0,0.0,0.0,0.0,7.97,3.15,1.92,1,5899.0,0.89
488,226340,본느,기타 화학제품 제조업,기업인수합병,5,809,2635.0,0.0,0.0,0.0,0.0,0.0,0.0,17.13,1.84,45.07,0,2354.0,0.89
489,011700,한신기계공업,일반 목적용 기계 제조업,"공기압축기,공구류 제조,판매/오파",6,407,1255.0,0.0,0.0,0.0,0.0,0.0,0.0,2.01,4.24,6.03,0,1095.0,0.87
490,126640,화신정공,자동차 신품 부품 제조업,자동차부품,6,398,1095.0,0.0,0.0,0.0,0.0,0.0,0.0,4.39,1.35,3.81,0,950.0,0.87
491,131090,시큐브,소프트웨어 개발 및 공급업,"시스템보안관리솔루션, 정보유출방지솔루션",6,736,1840.0,0.0,0.0,0.0,0.0,0.0,0.0,17.58,10.06,13.28,0,1604.0,0.87
492,003920,남양유업,낙농제품 및 식용빙과류 제조업,"시유,조제분유,발효유,이유밀,치즈,프렌치까페 제조,도매",6,2023,281000.0,0.0,0.0,0.0,0.0,0.0,0.0,3.25,0.23,0.56,0,241523.0,0.86
493,109080,옵티시스,통신 및 방송 장비 제조업,광링크 모듈 등,6,467,8290.0,0.0,0.0,0.0,0.0,0.0,0.0,7.73,8.1,5.28,0,7051.0,0.85
494,009290,광동제약,의약품 제조업,"의약품,식음료 제조,도매",6,4110,7840.0,0.0,0.0,0.0,0.0,0.0,0.0,5.57,5.61,6.07,0,6563.0,0.84
495,039420,케이엘넷,전기 통신업,EC/EDI,6,527,2180.0,0.0,0.0,0.0,0.0,0.0,0.0,10.41,5.55,8.54,0,1838.0,0.84
496,100700,세운메디칼,의료용품 및 기타 의약 관련제품 제조업,"의료용구(체액배출기,도뇨관) 제조,도매,수출입",6,1627,3715.0,0.0,0.0,0.0,0.0,0.0,0.0,10.44,11.79,12.17,0,3134.0,0.84
497,119500,포메탈,기타 금속 가공제품 제조업,"자동차,풍력,방위산업,산업기계,농기계등의 단조부품",6,350,2955.0,0.0,0.0,0.0,0.0,0.0,0.0,5.0,4.91,5.99,0,2473.0,0.84
498,078150,HB테크놀러지,특수 목적용 기계 제조업,TFT-LCD검사장비,6,1777,2250.0,0.0,0.0,0.0,0.0,0.0,0.0,2.02,4.38,27.22,0,1870.0,0.83
499,138490,코오롱플라스틱,합성고무 및 플라스틱 물질 제조업,엔지니어링플라스틱,6,1541,4055.0,0.0,0.0,0.0,0.0,0.0,0.0,2.75,6.28,9.48,0,3348.0,0.83
500,293580,나우IB,기타 금융업,"투자조합, PEF 결성 및 투자",6,574,6060.0,0.0,0.0,0.0,0.0,0.0,0.0,4.24,3.77,11.46,0,5020.0,0.83
501,034950,한국기업평가,기타 사업지원 서비스업,"신용평가, 컨설팅, 위험관리솔루션",6,3346,73700.0,0.0,0.0,0.0,0.0,0.0,0.0,20.96,18.51,17.67,1,60227.0,0.82
502,128660,피제이메탈,1차 비철금속 제조업,"탈산제, 조재제",6,477,1925.0,0.0,0.0,0.0,0.0,0.0,0.0,5.19,7.93,13.77,0,1570.0,0.82
503,018120,진로발효,알코올음료 제조업,주정,6,1963,29650.0,0.0,0.0,0.0,0.0,0.0,0.0,15.81,14.75,18.23,0,23966.0,0.81
504,072990,에이치시티,기타 과학기술 서비스업,기술검사서비스,6,738,10650.0,0.0,0.0,0.0,0.0,0.0,0.0,12.94,8.26,0.21,1,8556.0,0.8
505,001770,신화실업,1차 철강 제조업,"석도강판,표면처리강판 제조,임가공,판매",6,255,21000.0,0.0,0.0,0.0,0.0,0.0,0.0,2.82,6.73,5.81,0,16576.0,0.79
506,005500,삼진제약,의약품 제조업,"의약품(게보린,세트라졸,염산나록손) 제조,판매,수출입,약초재배",6,3781,27200.0,0.0,0.0,0.0,0.0,0.0,0.0,5.69,13.01,19.71,0,21510.0,0.79
507,009520,포스코엠텍,1차 철강 제조업,철강포장용역 및 Al탈산제 생산,5,1957,4700.0,0.0,0.0,0.0,0.0,0.0,0.0,11.87,16.5,12.39,0,3719.0,0.79
508,033830,티비씨,텔레비전 방송업,"텔레비젼 방송,문화서비스,광고/출판,음반 제작,도매",6,765,765.0,0.0,0.0,0.0,0.0,0.0,0.0,5.13,3.21,2.97,1,603.0,0.79
509,045660,에이텍,컴퓨터 및 주변장치 제조업,"PC,모니터",6,1375,16650.0,0.0,0.0,0.0,0.0,0.0,0.0,8.83,8.99,21.64,0,13017.0,0.78
510,234690,녹십자웰빙,의약품 제조업,"전문의약품, 건강기능식품",6,2050,11550.0,0.0,0.0,0.0,0.0,0.0,0.0,10.18,21.15,17.84,0,9031.0,0.78
511,004380,삼익THK,일반 목적용 기계 제조업,"직선운동시스템,메카트로시스템,기타정밀 자동화기기 제조,판매/전자상거래,인터넷 관련 s/w,h/w 개발,판매,유지보수",6,2205,10500.0,0.0,0.0,0.0,0.0,0.0,0.0,1.74,9.8,16.56,0,7929.0,0.76
512,017510,세명전기,기타 금속 가공제품 제조업,"154kV, 345kV, 765kV 송전,변전,배전용 금구류, 섬유직기용 섹셔날 빔",6,619,4060.0,0.0,0.0,0.0,0.0,0.0,0.0,4.87,5.34,5.68,0,3082.0,0.76
513,019550,SBI인베스트먼트,신탁업 및 집합투자업,벤처캐피탈,6,1288,795.0,0.0,0.0,0.0,0.0,0.0,0.0,12.85,3.11,3.17,0,601.0,0.76
514,058630,엠게임,소프트웨어 개발 및 공급업,"온라인 게임 개발 및 퍼블리싱(열혈강호온라인,홀릭2,영웅)",6,1014,5190.0,0.0,0.0,0.0,0.0,0.0,0.0,21.89,8.15,8.55,0,3945.0,0.76
515,120240,대정화금,기초 화학물질 제조업,"시약, 원료의약품",6,1445,20350.0,0.0,0.0,0.0,0.0,0.0,0.0,5.15,9.44,7.95,0,15350.0,0.75
516,224110,에이텍티앤,통신 및 방송 장비 제조업,교통카드단말기,6,788,14750.0,0.0,0.0,0.0,0.0,0.0,0.0,5.28,7.21,26.08,0,11070.0,0.75
517,239610,에이치엘사이언스,기타 식품 제조업,건강기능식품 등,6,3029,58900.0,0.0,0.0,0.0,0.0,0.0,0.0,27.38,18.71,9.56,1,44415.0,0.75
518,029960,코엔텍,폐기물 처리업,산업폐기물 소각/매립처리,6,4345,8690.0,0.0,0.0,0.0,0.0,0.0,0.0,16.01,17.86,13.6,0,6329.0,0.73
519,033310,디케이디앤아이,기타 금속 가공제품 제조업,산업용자동제어반기기,6,934,4250.0,0.0,0.0,0.0,0.0,0.0,0.0,7.75,8.11,8.29,0,3090.0,0.73
520,055490,테이팩스,플라스틱제품 제조업,"OCA, 2차전지용 테이프, 산업용 랩 등",5,1300,27550.0,0.0,0.0,0.0,0.0,0.0,0.0,7.87,5.63,9.6,0,20183.0,0.73
521,092070,디엔에프,기타 화학제품 제조업,반도체배선박막재료(알루미늄전구체),6,1636,15200.0,0.0,0.0,0.0,0.0,0.0,0.0,2.47,16.46,17.34,0,11082.0,0.73
522,092130,이크레더블,기타 정보 서비스업,"전자신용인증서비스(정보),소프트웨어 개발",6,2559,21250.0,0.0,0.0,0.0,0.0,0.0,0.0,26.81,27.8,27.45,0,15500.0,0.73
523,024060,흥구석유,기타 전문 도매업,휘발유등,6,999,6660.0,0.0,0.0,0.0,0.0,0.0,0.0,11.25,3.38,2.97,1,4787.0,0.72
524,078000,텔코웨어,"자료처리, 호스팅, 포털 및 기타 인터넷 정보매개 서비스업","소프트웨어(핵심망솔루션,무선데이터솔루션,요소기술) 개발,유지보수,무역",6,1198,12350.0,0.0,0.0,0.0,0.0,0.0,0.0,3.86,5.8,4.97,0,8933.0,0.72
525,241690,유니테크노,자동차 신품 부품 제조업,자동차 엔진파워트레인/모터 부품 제조 및 조립,6,1150,9640.0,0.0,0.0,0.0,0.0,0.0,0.0,8.7,9.47,11.82,0,6921.0,0.72
526,080520,오디텍,반도체 제조업,"광반도체,소자및모듈",6,543,4620.0,0.0,0.0,0.0,0.0,0.0,0.0,1.82,2.98,3.45,0,3302.0,0.71
527,131180,딜리,컴퓨터 및 주변장치 제조업,디지털 UV 프린터,6,433,1475.0,0.0,0.0,0.0,0.0,0.0,0.0,3.66,4.52,4.55,0,1053.0,0.71
528,317850,대모,특수 목적용 기계 제조업,"유압브레이커, 특수장비/부품, 퀵커플러 등",6,425,5110.0,0.0,0.0,0.0,0.0,0.0,0.0,4.49,9.54,0.0,0,3607.0,0.71
529,078140,대봉엘에스,의약품 제조업,"원료의약품,화장품원료",6,1236,11150.0,0.0,0.0,0.0,0.0,0.0,0.0,7.37,8.65,10.8,0,7780.0,0.7
530,051380,피씨디렉트,기계장비 및 관련 물품 도매업,"스토리지(HDD), 프로세서(CPU), Memory, Monitor등",6,720,9390.0,0.0,0.0,0.0,0.0,0.0,0.0,10.89,10.57,10.55,1,6437.0,0.69
531,064760,티씨케이,기타 비금속 광물제품 제조업,반도체 제조공정용 고순도 흑연제품,6,10519,90100.0,0.0,0.0,0.0,0.0,0.0,0.0,23.15,28.43,28.75,0,62245.0,0.69
532,290380,대유,"비료, 농약 및 살균, 살충제 제조업","4종복합비료, 농약",6,1380,15250.0,0.0,0.0,0.0,0.0,0.0,0.0,7.91,13.43,20.14,0,10513.0,0.69
533,004700,조광피혁,"가죽, 가방 및 유사제품 제조업","가죽(피혁원단,제화용원단,카시트용원단),가방,신발 제조,도매",6,3604,54200.0,0.0,0.0,0.0,0.0,0.0,0.0,5.66,5.9,10.22,0,36669.0,0.68
534,005800,신영와코루,봉제의복 제조업,"여성용 내의류(화운데이션,란제리,블래지어),환자,노령자용 파자마,남성용 내의류 제조",6,818,90900.0,0.0,0.0,0.0,0.0,0.0,0.0,1.23,0.88,3.02,0,61891.0,0.68
535,012200,계양전기,일반 목적용 기계 제조업,"전동공구(그라인더,드릴,커팅머신 등), 엔진, 자동차용 모터 제조",6,866,2655.0,0.0,0.0,0.0,0.0,0.0,0.0,0.07,5.16,4.84,0,1773.0,0.67
536,033320,제이씨현시스템,기계장비 및 관련 물품 도매업,"메인보드, 그래픽카드",6,1181,6180.0,0.0,0.0,0.0,0.0,0.0,0.0,0.83,11.55,17.73,0,4150.0,0.67
537,012790,신일제약,의약품 제조업,투어펜플라스타,6,1455,13350.0,0.0,0.0,0.0,0.0,0.0,0.0,7.39,6.14,9.38,0,8739.0,0.65
538,037760,쎄니트,1차 철강 제조업,스테인레스 냉연강판,5,646,1910.0,0.0,0.0,0.0,0.0,0.0,0.0,2.95,4.37,9.5,0,1234.0,0.65
539,200780,비씨월드제약,의약품 제조업,"마취통증약, 순환계약, 항생제, 기타처방약",6,1614,18150.0,0.0,0.0,0.0,0.0,0.0,0.0,6.47,10.13,10.42,0,11808.0,0.65
540,005820,원림,직물직조 및 직물제품 제조업,"고무,플라스틱제품,산업용포장재,PP.BAG,타포린 제조,도매/부동산 임대/주택 신축,판매/인터넷 정보통신/벤처회사 투자",6,370,16800.0,0.0,0.0,0.0,0.0,0.0,0.0,3.33,-1.01,4.23,0,10833.0,0.64
541,008730,율촌화학,플라스틱제품 제조업,"연포장재,필름,골판지상자,합성수지,플라스틱일반성형제품 제조",6,3770,15200.0,0.0,0.0,0.0,0.0,0.0,0.0,5.37,4.38,8.31,0,9727.0,0.64
542,054540,삼영엠텍,"구조용 금속제품, 탱크 및 증기발생기 제조업","구조용 특수장치, 교량부품",6,519,3995.0,0.0,0.0,0.0,0.0,0.0,0.0,4.57,1.87,2.36,0,2540.0,0.64
543,083420,그린케미칼,기타 화학제품 제조업,"비이온계면활성제 제조,도매",6,822,3425.0,0.0,0.0,0.0,0.0,0.0,0.0,5.17,2.32,2.24,1,2189.0,0.64
544,024890,대원화성,플라스틱제품 제조업,"합성피혁,벽지,DMF(폐용수)정제,방수투습원단,화공약 임가공,제조,도매,수출입",6,703,1705.0,0.0,0.0,0.0,0.0,0.0,0.0,5.56,3.62,2.21,1,1073.0,0.63
545,065370,위세아이텍,소프트웨어 개발 및 공급업,"빅데이터분석, 인공지능, 데이터품질관리 솔루션",6,674,15300.0,0.0,0.0,0.0,0.0,0.0,0.0,27.29,19.45,17.88,1,9594.0,0.63
546,171120,라이온켐텍,기타 화학제품 제조업,"합성왁스, 인조대리석",6,1500,7940.0,0.0,0.0,0.0,0.0,0.0,0.0,10.14,1.79,3.53,0,4947.0,0.62
547,214390,경보제약,기초 의약물질 및 생물학적 제제 제조업,"아토르바스타틴, 세프티족심, 세프트리약손",6,2140,8950.0,0.0,0.0,0.0,0.0,0.0,0.0,3.55,9.03,13.26,0,5567.0,0.62
548,251370,와이엠티,기초 화학물질 제조업,"PCB, 반도체 및 디스플레이 제조용 화학소재 등",5,2547,34400.0,0.0,0.0,0.0,0.0,0.0,0.0,18.6,12.01,14.2,0,21238.0,0.62
549,041190,우리기술투자,기타 금융업,창업자에 대한 투자 및 융자,6,2285,2720.0,0.0,0.0,0.0,0.0,0.0,0.0,15.11,15.78,5.72,0,1660.0,0.61
550,064850,에프앤가이드,금융 지원 서비스업,금융정보제공서비스(FnGuide.com),6,727,6610.0,0.0,0.0,0.0,0.0,0.0,0.0,8.87,7.03,16.11,0,4029.0,0.61
551,067080,대화제약,의약품 제조업,"후로스판, 세파메칠 등",6,2342,12850.0,0.0,0.0,0.0,0.0,0.0,0.0,13.49,8.65,17.71,0,7777.0,0.61
552,003310,대주산업,동물용 사료 및 조제식품 제조업,배합사료,6,419,1185.0,0.0,0.0,0.0,0.0,0.0,0.0,3.51,3.31,5.47,0,708.0,0.6
553,014580,태경비케이,"시멘트, 석회, 플라스터 및 그 제품 제조업","생석회,소석회,석회비료 제조,판매/비금속광물 광업/산업폐기물 재생처리/휴게소 운영",6,974,3530.0,0.0,0.0,0.0,0.0,0.0,0.0,3.08,3.2,5.02,0,2132.0,0.6
554,104040,대성파인텍,자동차 신품 부품 제조업,"자동차부품(시트,도어) 제조",6,455,1455.0,0.0,0.0,0.0,0.0,0.0,0.0,2.33,5.93,4.75,0,866.0,0.6
555,002140,고려산업,"곡물가공품, 전분 및 전분제품 제조업","배합사료,플라스틱용기 제조/부동산 임대",5,1004,4025.0,0.0,0.0,0.0,0.0,0.0,0.0,4.75,4.34,5.93,0,2362.0,0.59
556,048430,유라테크,"전동기, 발전기 및 전기 변환 · 공급 · 제어 장치 제조업","점화코일, 스파크플러그",6,708,6150.0,0.0,0.0,0.0,0.0,0.0,0.0,2.14,4.23,3.41,0,3641.0,0.59
557,079940,가비아,소프트웨어 개발 및 공급업,"도메인,호스팅",6,2186,16150.0,0.0,0.0,0.0,0.0,0.0,0.0,15.73,12.58,8.88,1,9560.0,0.59
558,000500,가온전선,절연선 및 케이블 제조업,"전력선,통신케이블 제조,도매,수출입",6,666,16000.0,0.0,0.0,0.0,0.0,0.0,0.0,2.12,0.04,0.54,0,9210.0,0.58
559,201490,미투온,소프트웨어 개발 및 공급업,소셜 카지노 게임,5,2260,7230.0,0.0,0.0,0.0,0.0,0.0,0.0,15.94,17.07,4.93,0,4160.0,0.58
560,031820,콤텍시스템,"컴퓨터 프로그래밍, 시스템 통합 및 관리업","시스템(네트웍) 구축/데이터통신장비(모뎀,먹스),종합네트워크시스템 제조,설치,유지보수",5,875,1290.0,0.0,0.0,0.0,0.0,0.0,0.0,1.22,9.74,1.52,0,733.0,0.57
561,033130,디지틀조선,"자료처리, 호스팅, 포털 및 기타 인터넷 정보매개 서비스업",위성서비스,6,1024,2760.0,0.0,0.0,0.0,0.0,0.0,0.0,4.54,7.24,7.85,0,1582.0,0.57
562,115390,락앤락,플라스틱제품 제조업,플라스틱 밀폐용기,6,5608,10350.0,0.0,0.0,0.0,0.0,0.0,0.0,2.44,4.68,5.33,0,5905.0,0.57
563,115500,케이씨에스,"컴퓨터 프로그래밍, 시스템 통합 및 관리업",컴퓨터시스템 통합 구축 및 철도 도로 교통인프라,6,595,4955.0,0.0,0.0,0.0,0.0,0.0,0.0,14.1,14.21,6.83,0,2842.0,0.57
564,130500,GH신소재,기타 섬유제품 제조업,"자동차용 부직포, 폴리우레탄 폼",6,387,3520.0,0.0,0.0,0.0,0.0,0.0,0.0,5.43,1.03,5.95,0,2014.0,0.57
565,214370,케어젠,기초 의약물질 및 생물학적 제제 제조업,"성장인자, 바이오미메틱펩타이드 기반 안면, 두피, 바디 코스메슈티컬 제품",6,6639,61800.0,0.0,0.0,0.0,0.0,0.0,0.0,13.31,8.01,8.73,0,35476.0,0.57
566,001540,안국약품,의약품 제조업,"그랑파제, 토비콤-S",6,1728,13250.0,0.0,0.0,0.0,0.0,0.0,0.0,1.72,9.32,6.09,0,7415.0,0.56
567,003460,유화증권,금융 지원 서비스업,증권업,6,1196,2110.0,0.0,0.0,0.0,0.0,0.0,0.0,1.36,1.31,1.72,0,1187.0,0.56
568,005750,대림비앤코,"내화, 비내화 요업제품 제조업","위생도기,내장타일,조립식욕실제품 제조,판매/부동산 임대",6,842,5050.0,0.0,0.0,0.0,0.0,0.0,0.0,1.37,2.62,4.48,0,2839.0,0.56
569,009680,모토닉,자동차 신품 부품 제조업,"자동차용 기화기(캬브레타,다이캐스트,연료펌프) 제조,판매",6,2604,7890.0,0.0,0.0,0.0,0.0,0.0,0.0,2.8,2.17,3.22,0,4392.0,0.56
570,036480,대성미생물,의약품 제조업,"동물용 의약품, 미생물제재",6,669,17600.0,0.0,0.0,0.0,0.0,0.0,0.0,8.37,10.02,5.25,0,9895.0,0.56
571,008370,원풍,플라스틱제품 제조업,플라스틱 필름,6,484,4030.0,0.0,0.0,0.0,0.0,0.0,0.0,2.69,2.73,3.02,0,2221.0,0.55
572,014570,고려제약,의약품 제조업,"하벤(종합감기약),뉴로메드(치매치료제)등 70여종",6,1243,11300.0,0.0,0.0,0.0,0.0,0.0,0.0,6.09,10.96,8.47,0,6164.0,0.55
573,025860,남해화학,"비료, 농약 및 살균, 살충제 제조업","비료(요소,복합비료),공업제품원료 제조,도매",6,3731,7510.0,0.0,0.0,0.0,0.0,0.0,0.0,3.74,1.97,6.56,0,4104.0,0.55
574,078070,유비쿼스홀딩스,통신 및 방송 장비 제조업,"소프트웨어 개발,정보처리유선,무선통신기기,부품,컴퓨터 도소매,제조",6,6179,33050.0,0.0,0.0,0.0,0.0,0.0,0.0,3.53,5.12,51.78,0,17677.0,0.53
575,053800,안랩,소프트웨어 개발 및 공급업,바이러스백신 프로그램,6,5878,58700.0,0.0,0.0,0.0,0.0,0.0,0.0,9.57,12.08,9.15,0,29864.0,0.51
576,068330,일신바이오,일반 목적용 기계 제조업,초저온냉동고및동결건조기,6,1083,2450.0,0.0,0.0,0.0,0.0,0.0,0.0,12.26,8.91,6.17,1,1251.0,0.51
577,302430,이노메트리,특수 목적용 기계 제조업,엑스레이검사 장비,5,1901,19700.0,0.0,0.0,0.0,0.0,0.0,0.0,9.19,19.21,20.64,0,9989.0,0.51
578,044780,에이치케이,특수 목적용 기계 제조업,레이저가공 절단기,6,250,1350.0,0.0,0.0,0.0,0.0,0.0,0.0,1.71,3.03,0.72,0,669.0,0.5
579,052690,한전기술,"건축기술, 엔지니어링 및 관련 기술 서비스업",원자력발전소 설계 등,6,5771,15100.0,0.0,0.0,0.0,0.0,0.0,0.0,5.54,2.82,4.83,0,7572.0,0.5
580,095340,ISC,전자부품 제조업,반도체테스트소켓,6,2574,18200.0,0.0,0.0,0.0,0.0,0.0,0.0,2.57,8.13,11.1,0,9188.0,0.5
581,138580,비즈니스온,소프트웨어 개발 및 공급업,전자세금계산서 발행서비스(스마트빌),6,1479,15500.0,0.0,0.0,0.0,0.0,0.0,0.0,12.14,15.7,25.36,0,7735.0,0.5
582,225530,보광산업,기타 비금속 광물제품 제조업,"콘크리트용 부순골재, 아스콘, 레미콘",6,1778,4925.0,0.0,0.0,0.0,0.0,0.0,0.0,9.99,7.86,16.14,0,2483.0,0.5
583,219420,링크제니시스,소프트웨어 개발 및 공급업,"반도체, 디스플레이, 자동화 S/W 및 시스템 테스트 자동화 솔루션 개발(XCOMPRO, XGEM, MAT)",6,712,7120.0,0.0,0.0,0.0,0.0,0.0,0.0,2.26,10.27,23.58,0,3408.0,0.48
584,000020,동화약품,의약품 제조업,"의약품 제조,판매,수출입",6,4567,16350.0,0.0,0.0,0.0,0.0,0.0,0.0,3.14,3.39,17.1,0,7689.0,0.47
585,036810,에프에스티,전자부품 제조업,"펠리클(반도체부품),칠러장비,반도체유통",6,5635,27850.0,0.0,0.0,0.0,0.0,0.0,0.0,17.52,19.36,14.04,0,13082.0,0.47
586,084730,팅크웨어,통신 및 방송 장비 제조업,"내비게이션,블랙박스,태블릿 및 위치정보서비스",6,1004,9630.0,0.0,0.0,0.0,0.0,0.0,0.0,2.76,1.7,2.05,0,4536.0,0.47
587,046120,오르비텍,기타 과학기술 서비스업,"방사선안전관리, 항공기 정밀부품 제조 등",6,677,2845.0,0.0,0.0,0.0,0.0,0.0,0.0,1.47,5.38,5.61,0,1296.0,0.46
588,058400,KNN,텔레비전 방송업,방송프로그램 제작 및 송출,6,2344,1770.0,0.0,0.0,0.0,0.0,0.0,0.0,4.17,4.16,5.28,0,821.0,0.46
589,004720,우리들제약,의약품 제조업,의약품 외,6,891,6500.0,0.0,0.0,0.0,0.0,0.0,0.0,0.54,8.3,9.88,0,2898.0,0.45
590,048910,대원미디어,기타 전문 도매업,"캐릭터 사업, 만화영화 제작",6,790,6280.0,0.0,0.0,0.0,0.0,0.0,0.0,1.38,2.89,10.25,0,2805.0,0.45
591,045520,크린앤사이언스,일반 목적용 기계 제조업,자동차용 여과지,5,2506,38550.0,0.0,0.0,0.0,0.0,0.0,0.0,20.57,20.01,16.08,1,17013.0,0.44
592,054800,아이디스홀딩스,기타 전문 서비스업,비금융지주회사,6,1314,12700.0,0.0,0.0,0.0,0.0,0.0,0.0,-5.18,10.72,6.13,0,5545.0,0.44
593,220260,켐트로스,기타 화학제품 제조업,기타 화학제품 제조업,5,852,3235.0,0.0,0.0,0.0,0.0,0.0,0.0,0.7,16.68,4.29,0,1430.0,0.44
594,012610,경인양행,기초 화학물질 제조업,"반응성염료,직접염료,산성염료,삼원색원료 제조,수출입",6,3800,9290.0,0.0,0.0,0.0,0.0,0.0,0.0,6.57,6.59,1.85,0,3962.0,0.43
595,023900,풍국주정,알코올음료 제조업,발효주정,6,3144,24950.0,0.0,0.0,0.0,0.0,0.0,0.0,5.95,8.47,12.56,0,10677.0,0.43
596,002240,고려제강,1차 철강 제조업,"PC강선,선재 2차제품,와이어로프,비드와이어,SC(Surpass Coat) Stand,각종선재 제조,도매",6,3090,15450.0,0.0,0.0,0.0,0.0,0.0,0.0,0.73,0.25,1.72,0,6454.0,0.42
597,037070,파세코,가정용 기기 제조업,"석유스토브, 식기건조기,식기세척기",6,2121,15150.0,0.0,0.0,0.0,0.0,0.0,0.0,11.86,6.88,5.43,1,6311.0,0.42
598,037230,한국팩키지,"골판지, 종이 상자 및 종이용기 제조업",카톤팩,6,568,2270.0,0.0,0.0,0.0,0.0,0.0,0.0,4.38,4.2,6.98,0,965.0,0.42
599,058470,리노공업,전자부품 제조업,"리노핀, 반도체 소켓 등",6,17635,115700.0,0.0,0.0,0.0,0.0,0.0,0.0,18.75,19.82,18.82,0,48401.0,0.42
600,071200,인피니트헬스케어,소프트웨어 개발 및 공급업,의료영상저장전송시스템(PACS),6,1857,7610.0,0.0,0.0,0.0,0.0,0.0,0.0,8.95,6.66,2.2,1,3130.0,0.41
601,219130,타이거일렉,전자부품 제조업,인쇄회로기판 제조업,6,720,11400.0,0.0,0.0,0.0,0.0,0.0,0.0,3.77,5.34,10.02,0,4706.0,0.41
602,017550,수산중공업,특수 목적용 기계 제조업,"유압브레이커,트럭크레인,플라즈마 파암장비,특장차,산업기계,건설기계 제조,도매",6,937,1735.0,0.0,0.0,0.0,0.0,0.0,0.0,0.15,6.95,3.15,0,692.0,0.4
603,263770,유에스티,1차 철강 제조업,스테인레스강관,6,876,3695.0,0.0,0.0,0.0,0.0,0.0,0.0,5.64,2.87,12.85,0,1483.0,0.4
604,271780,비엔에프코퍼레이션,1차 비철금속 제조업,"솔더바, 솔더와이어, 솔더페이스트",5,55,1700.0,0.0,0.0,0.0,0.0,0.0,0.0,3.2,3.26,1.9,0,684.0,0.4
605,004080,신흥,기계장비 및 관련 물품 도매업,"치과용기자재(방사선장치,전기진단장치),주사침 도소매,제조/부동산 임대",6,866,9020.0,0.0,0.0,0.0,0.0,0.0,0.0,2.33,3.52,3.71,0,3480.0,0.39
606,061250,화일약품,의약품 제조업,의약품 원료,6,1472,8510.0,0.0,0.0,0.0,0.0,0.0,0.0,2.89,5.09,2.69,0,3334.0,0.39
607,178920,PI첨단소재,플라스틱제품 제조업,PI필름,6,8531,29050.0,0.0,0.0,0.0,0.0,0.0,0.0,6.95,13.8,13.75,0,11315.0,0.39
608,039290,인포뱅크,기타 정보 서비스업,"모바일메시징서비스,휴대폰단말기용S/W개발용역",6,587,6750.0,0.0,0.0,0.0,0.0,0.0,0.0,1.59,5.79,3.22,0,2569.0,0.38
609,052260,SK바이오랜드,기타 화학제품 제조업,"천연물질 추출물, 미생물 배양제품",6,4470,29800.0,0.0,0.0,0.0,0.0,0.0,0.0,7.12,10.5,8.93,0,11320.0,0.38
610,081150,티플랙스,기타 금속 가공제품 제조업,"스텐레스봉,판(열간제품) 제조,도매",6,886,3650.0,0.0,0.0,0.0,0.0,0.0,0.0,2.44,2.54,3.62,0,1376.0,0.38
611,238200,비피도,기타 식품 제조업,프로바이오틱스 관련 완제품 및 균주 원말 등,6,810,19800.0,0.0,0.0,0.0,0.0,0.0,0.0,3.48,3.58,14.03,0,7611.0,0.38
612,042510,라온시큐어,소프트웨어 개발 및 공급업,소프트웨어 개발 및 공급,6,1206,3790.0,0.0,0.0,0.0,0.0,0.0,0.0,10.15,21.09,23.82,0,1398.0,0.37
613,066130,하츠,가정용 기기 제조업,"레인지후드, 빌트인 기기 등",6,895,6990.0,0.0,0.0,0.0,0.0,0.0,0.0,2.9,1.86,5.69,0,2569.0,0.37
614,115440,우리넷,통신 및 방송 장비 제조업,"광전송장비(MSPP), 교환장비(AGW)",6,991,10850.0,0.0,0.0,0.0,0.0,0.0,0.0,3.09,3.58,6.97,0,3917.0,0.36
615,011390,부산산업,"시멘트, 석회, 플라스터 및 그 제품 제조업","레미콘 제조,판매",6,1399,132500.0,0.0,0.0,0.0,0.0,0.0,0.0,7.2,5.92,6.43,0,44762.0,0.34
616,052600,한네트,전기 통신업,"현금서비스, 예금인출",6,427,3695.0,0.0,0.0,0.0,0.0,0.0,0.0,3.19,3.02,3.76,0,1249.0,0.34
617,179290,엠아이텍,의료용 기기 제조업,비혈관 스텐트 및 체외충격파 쇄석기,6,1124,3695.0,0.0,0.0,0.0,0.0,0.0,0.0,7.88,1.23,11.62,0,1272.0,0.34
618,002800,신신제약,의약품 제조업,파스류 (신신파스 아렉스 등),5,1112,7330.0,0.0,0.0,0.0,0.0,0.0,0.0,3.85,5.43,8.33,0,2428.0,0.33
619,213420,덕산네오룩스,전자부품 제조업,"HTL(정공수송층), HIL(정공주입층), RED HOST",6,8740,36400.0,0.0,0.0,0.0,0.0,0.0,0.0,12.73,14.28,14.52,0,11518.0,0.32
620,002100,경농,"비료, 농약 및 살균, 살충제 제조업","완제농약(잡초약,살충제,살균제) 제조",6,2711,12500.0,0.0,0.0,0.0,0.0,0.0,0.0,2.47,3.08,5.83,0,3606.0,0.29
621,102460,이연제약,의약품 제조업,"항생제,순환기제",6,2583,15400.0,0.0,0.0,0.0,0.0,0.0,0.0,2.68,0.61,6.46,0,4488.0,0.29
622,108490,로보티즈,특수 목적용 기계 제조업,"솔루션(로봇 엑츄에이터 모듈과 구동 소프트웨어), 에듀테인먼트 로봇, 로봇 플랫폼",6,1384,12300.0,0.0,0.0,0.0,0.0,0.0,0.0,4.05,4.87,7.35,0,3538.0,0.29
623,041460,한국전자인증,소프트웨어 개발 및 공급업,"개인용이메일 보안,인증업무,전자상거래관련 인증서비스/기업용 인증솔루션 제공",6,1348,6280.0,0.0,0.0,0.0,0.0,0.0,0.0,4.42,8.19,10.6,0,1774.0,0.28
624,000390,삼화페인트공업,기타 화학제품 제조업,"건축용페인트,공업용페인트,분체도료 등 제조",6,1269,4800.0,0.0,0.0,0.0,0.0,0.0,0.0,1.34,0.26,0.66,0,1312.0,0.27
625,019990,에너토크,일반 목적용 기계 제조업,전동액츄에이터,6,357,3660.0,0.0,0.0,0.0,0.0,0.0,0.0,1.2,3.25,0.98,0,999.0,0.27
626,011150,CJ씨푸드,기타 식품 제조업,"수산물(어묵,맛살)가공품 도매,원양수산업,수출입",6,1302,3625.0,0.0,0.0,0.0,0.0,0.0,0.0,2.9,3.54,7.96,0,899.0,0.25
627,072020,중앙백신,기초 의약물질 및 생물학적 제제 제조업,동물용백신,6,1663,16700.0,0.0,0.0,0.0,0.0,0.0,0.0,2.16,4.62,7.32,0,4248.0,0.25
628,000440,중앙에너비스,기타 전문 도매업,석유류도소매,6,545,8750.0,0.0,0.0,0.0,0.0,0.0,0.0,1.36,1.97,3.5,0,2063.0,0.24
629,026890,디피씨,"전동기, 발전기 및 전기 변환 · 공급 · 제어 장치 제조업","전자레인지용 고압변성기,리엑터,디지탈위성방송수신기 제조",6,6335,15200.0,0.0,0.0,0.0,0.0,0.0,0.0,7.11,7.99,5.16,0,3565.0,0.23
630,089150,케이씨티,"컴퓨터 프로그래밍, 시스템 통합 및 관리업","금융단말시스템,복표발매기,마권발매기",6,619,3610.0,0.0,0.0,0.0,0.0,0.0,0.0,2.26,3.11,5.12,0,829.0,0.23
631,004770,써니전자,반도체 제조업,"수정진동자,수정발진기,초음파지연선,MCF,축수나사 제조,도매,수출입",6,1422,4080.0,0.0,0.0,0.0,0.0,0.0,0.0,1.28,9.42,2.81,0,866.0,0.21
632,026940,부국철강,1차 철강 제조업,철강,6,1228,6140.0,0.0,0.0,0.0,0.0,0.0,0.0,1.64,1.85,2.08,0,1280.0,0.21
633,111710,남화산업,스포츠 서비스업,골프장 서비스,6,2841,13800.0,0.0,0.0,0.0,0.0,0.0,0.0,2.3,3.37,7.53,0,2950.0,0.21
634,052670,제일바이오,의약품 제조업,동물사료첨가제,6,1185,7900.0,0.0,0.0,0.0,0.0,0.0,0.0,6.67,3.46,2.44,1,1586.0,0.2
635,034810,해성산업,부동산 임대 및 공급업,시설관리 용역 및 부동산 임대,6,1291,13200.0,0.0,0.0,0.0,0.0,0.0,0.0,1.65,0.53,2.39,0,2548.0,0.19
636,068290,삼성출판사,"서적, 잡지 및 기타 인쇄물 출판업","서적 출판,인쇄,소매/부동산 임대",6,2105,21050.0,0.0,0.0,0.0,0.0,0.0,0.0,5.49,0.38,3.92,0,4078.0,0.19
637,044960,이글벳,기타 전문 도매업,"아바텍,아목사실린사 등",6,1004,7940.0,0.0,0.0,0.0,0.0,0.0,0.0,3.52,3.14,4.89,0,1375.0,0.17
638,226320,잇츠한불,기타 화학제품 제조업,"스킨케어 베이직, 포인트 메이크업, 스킨케어 스페셜, 베이스 메이크업 등",6,4616,21050.0,0.0,0.0,0.0,0.0,0.0,0.0,-1.11,1.89,8.42,0,3543.0,0.17
639,008930,한미사이언스,기타 금융업,"항생제(세포탁심,세포트리악손),유산균정장제(메디락비타,메디락베베),위장관운동조절개선제(설프라이드),고혈압치료제(유니바스크),원료의약품,식품 제조,판매",6,23104,35000.0,0.0,0.0,0.0,0.0,0.0,0.0,4.73,2.73,4.59,0,5165.0,0.15
640,072470,우리산업홀딩스,자동차 신품 부품 제조업,HVAC ACTUATOR (자동차 공조장치 부품 등),6,1022,5410.0,0.0,0.0,0.0,0.0,0.0,0.0,0.14,1.41,2.1,0,776.0,0.14
641,101490,에스앤에스텍,전자부품 제조업,블랭크마스크,6,7894,40000.0,0.0,0.0,0.0,0.0,0.0,0.0,12.0,5.85,4.08,1,5068.0,0.13
642,045390,대아티아이,기타 전기장비 제조업,"EDMS(Enterprise Document Management System)-전사적문서관리시스템,KMS-지식경영시스템",6,4838,6800.0,0.0,0.0,0.0,0.0,0.0,0.0,2.32,7.16,8.34,0,836.0,0.12
643,036030,KTH,상품 중개업,"K쇼핑, 콘텐츠유통, ICT",6,1750,4900.0,0.0,0.0,0.0,0.0,0.0,0.0,0.69,0.43,1.58,0,550.0,0.11
644,065530,전파기지국,전기 통신업,공용기지국건설/관리,5,2881,5450.0,0.0,0.0,0.0,0.0,0.0,0.0,2.96,1.38,5.29,0,564.0,0.1
645,027050,코리아나,기타 화학제품 제조업,화장품,6,2060,5150.0,0.0,0.0,0.0,0.0,0.0,0.0,0.76,2.22,2.28,0,451.0,0.09
646,148250,알엔투테크놀로지,전자부품 제조업,"이동통신부품(커플러), 의료기기용기판, 파우더",6,1654,23500.0,0.0,0.0,0.0,0.0,0.0,0.0,3.38,4.43,3.66,0,2168.0,0.09
647,001840,이화공영,건물 건설업,도급공사,6,923,4660.0,0.0,0.0,0.0,0.0,0.0,0.0,0.63,1.11,3.87,0,366.0,0.08
648,013000,세우글로벌,기타 전문 도매업,"화공약품.엔지니어링 플라스틱,페놀계제품,석유화학제품 판매/철재가구,사무목재가구 제조/교육사업",6,532,1855.0,0.0,0.0,0.0,0.0,0.0,0.0,0.23,1.63,1.39,0,158.0,0.08
649,007570,일양약품,의약품 제조업,"일반의약품(원비디,영비천,아진탈,디세텔,노루모산),항암제(베타-이뮤난),전문의약품 제조,판매,수출입",6,12730,66700.0,0.0,0.0,0.0,0.0,0.0,0.0,5.2,-2.58,3.28,0,3048.0,0.05
