,Code,Name,Industry,Main_product,시가총액(억)
0,000020,1362.0,798.0,-264.0,-990.0
1,000040,396.0,-426.0,-804.0,-282.0
2,000050,942.0,4014.0,726.0,3462.0
3,000060,-20862.0,61566.0,79350.0,136524.0
4,000070,18.0,13134.0,5250.0,-1314.0
5,000080,7380.0,1698.0,8460.0,20694.0
6,000100,2136.0,3960.0,5610.0,7566.0
7,000120,-9594.0,50952.0,3708.0,14784.0
8,000140,7098.0,816.0,7470.0,19908.0
9,000150,-12852.0,47052.0,61314.0,40620.0
10,000180,450.0,522.0,-6.0,402.0
11,000210,39534.0,57132.0,66270.0,26256.0
12,000220,-4.0,528.0,244.0,52.0
13,000230,-168.0,858.0,372.0,-132.0
14,000240,2472.0,5688.0,3654.0,7374.0
15,000250,24.0,1836.0,1500.0,1566.0
16,000270,55818.0,216642.0,268248.0,155652.0
17,000300,366.0,768.0,3528.0,-414.0
18,000320,-834.0,3444.0,444.0,1842.0
19,000370,22236.0,112266.0,42642.0,56316.0
20,000390,-480.0,1548.0,570.0,1758.0
21,000400,12972.0,-7206.0,25356.0,11886.0
22,000430,630.0,372.0,7194.0,5598.0
23,000440,132.0,60.0,126.0,108.0
24,000480,1554.0,4800.0,3624.0,1704.0
25,000490,-2730.0,4374.0,234.0,636.0
26,000500,1998.0,-630.0,1656.0,-912.0
27,000520,252.0,636.0,-156.0,228.0
28,000540,14904.0,48762.0,55410.0,59676.0
29,000590,114.0,1158.0,612.0,1014.0
30,000640,60.0,5808.0,3498.0,5070.0
31,000650,-180.0,360.0,-210.0,-126.0
32,000660,139890.0,388992.0,1333632.0,881436.0
33,000670,6378.0,12414.0,7140.0,11028.0
34,000680,-480.0,-1344.0,540.0,1122.0
35,000700,234.0,1896.0,258.0,1722.0
36,000720,64224.0,28734.0,14970.0,30864.0
37,000760,5.0,130.0,5.0,-145.0
38,000810,15054.0,54594.0,127572.0,155688.0
39,000850,270.0,1068.0,540.0,366.0
40,000860,-174.0,672.0,618.0,1524.0
41,000880,-28470.0,151074.0,164952.0,308310.0
42,000890,24.0,288.0,-126.0,42.0
43,000910,168.0,978.0,-270.0,732.0
44,000950,-396.0,-534.0,-732.0,-690.0
45,000990,3288.0,9666.0,10818.0,10986.0
46,001000,42.0,60.0,60.0,66.0
47,001020,414.0,-780.0,-1188.0,-162.0
48,001040,-2646.0,231876.0,92466.0,134424.0
49,001060,144.0,3330.0,3126.0,2010.0
50,001070,66.0,-1158.0,-1122.0,186.0
51,001120,-1740.0,13500.0,1848.0,10836.0
52,001130,-774.0,198.0,756.0,2604.0
53,001140,-66.0,-594.0,-366.0,-186.0
54,001200,-10380.0,-20412.0,26952.0,-16194.0
55,001210,-570.0,-510.0,-132.0,852.0
56,001230,14952.0,12810.0,13764.0,5412.0
57,001250,-2040.0,1992.0,-618.0,4908.0
58,001260,1842.0,-108.0,300.0,78.0
59,001270,-74928.0,3858.0,30.0,-15552.0
60,001290,-708.0,894.0,8946.0,-6786.0
61,001340,288.0,1830.0,2106.0,978.0
62,001360,18.0,-144.0,-390.0,36.0
63,001380,-282.0,954.0,210.0,636.0
64,001390,-3438.0,8802.0,3510.0,11370.0
65,001420,12.0,90.0,54.0,-42.0
66,001430,5910.0,19404.0,5280.0,13314.0
67,001440,-2682.0,4752.0,864.0,1914.0
68,001450,40452.0,81816.0,113898.0,104004.0
69,001460,-36.0,1122.0,2946.0,1410.0
70,001470,990.0,-618.0,-1068.0,222.0
71,001500,-60666.0,-3306.0,-2916.0,-414.0
72,001510,-47292.0,-11952.0,-14118.0,-486.0
73,001520,558.0,1782.0,1428.0,-468.0
74,001530,-636.0,3474.0,1776.0,2130.0
75,001540,222.0,1326.0,-72.0,1050.0
76,001550,-498.0,-150.0,234.0,390.0
77,001560,216.0,414.0,342.0,372.0
78,001570,-540.0,-36.0,1044.0,-1326.0
79,001620,-420.0,2556.0,3042.0,4278.0
80,001630,1098.0,6678.0,2274.0,3468.0
81,001680,780.0,10038.0,7296.0,9972.0
82,001740,-10596.0,27984.0,-11940.0,-38076.0
83,001750,-2562.0,-1014.0,-2694.0,-162.0
84,001770,-132.0,150.0,366.0,114.0
85,001780,1278.0,2874.0,4416.0,6552.0
86,001790,-948.0,510.0,756.0,630.0
87,001800,4836.0,20556.0,21030.0,-528.0
88,001810,168.0,444.0,-576.0,498.0
89,001820,432.0,1566.0,3654.0,1242.0
90,001840,252.0,-504.0,-216.0,936.0
91,001880,3684.0,7578.0,5226.0,3498.0
92,001940,144.0,4050.0,4644.0,9036.0
93,002020,8700.0,10038.0,1638.0,3372.0
94,002030,1002.0,13530.0,14226.0,2238.0
95,002070,-228.0,798.0,48.0,-234.0
96,002100,-1668.0,-60.0,636.0,948.0
97,002140,-222.0,624.0,-342.0,60.0
98,002150,258.0,2346.0,1722.0,690.0
99,002170,426.0,3132.0,2562.0,1962.0
100,002200,780.0,1932.0,2520.0,-468.0
101,002210,54.0,-498.0,102.0,96.0
102,002220,240.0,174.0,246.0,228.0
103,002230,-18.0,-36.0,192.0,306.0
104,002240,1548.0,4908.0,7440.0,6840.0
105,002270,708.0,2856.0,5808.0,5448.0
106,002290,18.0,786.0,-132.0,-336.0
107,002310,1332.0,6624.0,8772.0,-12.0
108,002320,4308.0,10032.0,6966.0,1914.0
109,002350,114.0,17490.0,9420.0,15306.0
110,002360,252.0,966.0,312.0,852.0
111,002380,5832.0,16488.0,32340.0,19974.0
112,002390,96.0,528.0,1770.0,408.0
113,002410,-972.0,540.0,1374.0,210.0
114,002420,-6.0,-30.0,-12.0,-24.0
115,002450,456.0,330.0,-906.0,312.0
116,002460,2112.0,2718.0,7596.0,-4050.0
117,002600,-474.0,186.0,792.0,540.0
118,002620,-240.0,1512.0,-204.0,354.0
119,002680,-264.0,-132.0,-312.0,204.0
120,002690,144.0,462.0,24.0,36.0
121,002700,-66.0,-366.0,594.0,528.0
122,002710,-768.0,-402.0,1284.0,-72.0
123,002720,444.0,216.0,792.0,48.0
124,002760,-90.0,90.0,204.0,42.0
125,002780,192.0,-2634.0,1458.0,-684.0
126,002790,5964.0,49812.0,43842.0,35382.0
127,002800,264.0,-270.0,48.0,276.0
128,002810,138.0,492.0,534.0,78.0
129,002820,-582.0,1116.0,1434.0,264.0
130,002840,900.0,1182.0,2244.0,1836.0
131,002870,-330.0,1050.0,840.0,36.0
132,002880,-5130.0,2460.0,1650.0,4026.0
133,002900,-972.0,978.0,1242.0,1272.0
134,002920,-168.0,1854.0,624.0,1254.0
135,002960,342.0,1548.0,1794.0,1182.0
136,002990,4506.0,3738.0,3342.0,4554.0
137,003000,-912.0,-1404.0,408.0,516.0
138,003010,-276.0,1590.0,180.0,-1260.0
139,003030,5466.0,5550.0,7650.0,-8490.0
140,003060,84.0,42.0,78.0,-534.0
141,003070,8688.0,8892.0,540.0,2310.0
142,003080,156.0,-222.0,492.0,276.0
143,003090,2256.0,8310.0,2724.0,8868.0
144,003100,966.0,2694.0,2400.0,1542.0
145,003120,90.0,264.0,906.0,612.0
146,003160,-408.0,-780.0,552.0,372.0
147,003200,984.0,1770.0,450.0,2220.0
148,003220,540.0,1860.0,2400.0,258.0
149,003230,2310.0,3150.0,2280.0,2616.0
150,003240,2514.0,22284.0,21486.0,20802.0
151,003280,-948.0,-720.0,-2028.0,-414.0
152,003300,1992.0,7512.0,7602.0,4218.0
153,003310,18.0,348.0,-108.0,174.0
154,003350,-216.0,318.0,102.0,-36.0
155,003380,4662.0,26046.0,10026.0,28236.0
156,003410,2514.0,21960.0,18960.0,17898.0
157,003460,-1368.0,534.0,-600.0,-618.0
158,003470,-14022.0,33144.0,4368.0,-15978.0
159,003480,852.0,4020.0,3432.0,2100.0
160,003490,-4956.0,140022.0,167556.0,168408.0
161,003520,138.0,558.0,78.0,192.0
162,003530,4968.0,-30426.0,-15054.0,-19278.0
163,003540,1206.0,-43338.0,-95886.0,-38616.0
164,003550,15042.0,49122.0,29694.0,63504.0
165,003560,1170.0,2436.0,2430.0,3708.0
166,003570,-414.0,1974.0,2202.0,2004.0
167,003580,-276.0,-384.0,36.0,36.0
168,003620,-8358.0,-1530.0,10626.0,12264.0
169,003650,660.0,390.0,726.0,-270.0
170,003670,-2166.0,3768.0,5076.0,3330.0
171,003680,402.0,-324.0,-234.0,588.0
172,003690,-1578.0,18582.0,18546.0,33576.0
173,003720,72.0,324.0,-228.0,-342.0
174,003780,138.0,564.0,240.0,246.0
175,003800,606.0,2772.0,2550.0,1686.0
176,003830,252.0,552.0,222.0,330.0
177,003850,660.0,2820.0,2334.0,-1476.0
178,003920,-1188.0,-666.0,2556.0,720.0
179,003960,2016.0,4638.0,456.0,3108.0
180,004000,5064.0,15450.0,16392.0,11328.0
181,004020,12402.0,37584.0,94518.0,103188.0
182,004060,210.0,1872.0,-858.0,486.0
183,004080,324.0,54.0,120.0,150.0
184,004090,702.0,1290.0,-534.0,372.0
185,004100,-372.0,-66.0,72.0,972.0
186,004140,870.0,1782.0,1710.0,1158.0
187,004150,-450.0,2106.0,-228.0,3402.0
188,004170,-15474.0,47394.0,19878.0,23394.0
189,004250,1602.0,2418.0,2328.0,1764.0
190,004270,-198.0,-474.0,60.0,402.0
191,004360,606.0,3078.0,1506.0,1758.0
192,004370,7884.0,9750.0,8814.0,6204.0
193,004380,894.0,-420.0,1272.0,2478.0
194,004410,330.0,270.0,348.0,222.0
195,004430,864.0,4680.0,3492.0,3306.0
196,004440,180.0,702.0,954.0,402.0
197,004450,96.0,984.0,894.0,504.0
198,004490,1950.0,3276.0,8496.0,4992.0
199,004540,1458.0,1530.0,-1350.0,-174.0
200,004560,402.0,2136.0,516.0,3090.0
201,004590,222.0,216.0,390.0,234.0
202,004650,210.0,1506.0,546.0,1560.0
203,004690,13626.0,19026.0,7500.0,6006.0
204,004700,42.0,1746.0,1152.0,1950.0
205,004710,-348.0,5688.0,1344.0,2496.0
206,004720,42.0,150.0,252.0,108.0
207,004770,60.0,324.0,60.0,72.0
208,004780,-156.0,1170.0,312.0,942.0
209,004800,6360.0,8448.0,15840.0,41076.0
210,004830,-96.0,138.0,-30.0,288.0
211,004840,774.0,2508.0,1800.0,1326.0
212,004870,-3516.0,7554.0,1650.0,6486.0
213,004890,402.0,1428.0,144.0,1452.0
214,004910,-216.0,738.0,-300.0,804.0
215,004920,-108.0,-12.0,-30.0,54.0
216,004960,4056.0,-5562.0,822.0,-12168.0
217,004970,294.0,-42.0,-186.0,2214.0
218,004980,-468.0,3390.0,1218.0,3882.0
219,004990,-1044.0,39246.0,-49602.0,-41040.0
220,005010,1296.0,522.0,6834.0,-5556.0
221,005030,-678.0,222.0,-510.0,-18.0
222,005070,-114.0,0.0,582.0,-72.0
223,005090,462.0,366.0,1524.0,-132.0
224,005110,-138.0,612.0,-672.0,588.0
225,005160,546.0,2760.0,-558.0,4230.0
226,005180,-828.0,3768.0,4356.0,2514.0
227,005190,408.0,1836.0,612.0,468.0
228,005250,-2676.0,462.0,2256.0,8670.0
229,005290,2106.0,6522.0,3738.0,4872.0
230,005300,3642.0,8046.0,5154.0,8682.0
231,005320,246.0,234.0,-234.0,-408.0
232,005360,222.0,156.0,444.0,702.0
233,005380,49320.0,25188.0,225858.0,235344.0
234,005420,12.0,468.0,42.0,-2094.0
235,005430,-1326.0,2376.0,702.0,2964.0
236,005440,1596.0,10632.0,5724.0,6384.0
237,005490,103518.0,360282.0,352182.0,336438.0
238,005500,846.0,1416.0,1806.0,2238.0
239,005610,-684.0,5682.0,4104.0,3786.0
240,005670,192.0,570.0,756.0,420.0
241,005680,-66.0,1350.0,696.0,882.0
242,005690,132.0,-6.0,204.0,-126.0
243,005710,978.0,2118.0,3960.0,3540.0
244,005720,-582.0,19398.0,8136.0,-846.0
245,005740,1584.0,5922.0,4866.0,2592.0
246,005750,480.0,108.0,780.0,726.0
247,005800,-120.0,198.0,270.0,54.0
248,005810,-300.0,-996.0,-660.0,1320.0
249,005820,186.0,282.0,-144.0,72.0
250,005830,22692.0,131796.0,14784.0,-18960.0
251,005850,3276.0,-2460.0,3180.0,9072.0
252,005860,-72.0,-486.0,-1416.0,1344.0
253,005870,-1116.0,-750.0,3072.0,-570.0
254,005880,1878.0,21060.0,15510.0,13020.0
255,005930,709794.0,2722974.0,4021914.0,3729720.0
256,005940,-17400.0,14946.0,-95730.0,52578.0
257,005950,-2112.0,-324.0,-2346.0,612.0
258,005960,-2376.0,2898.0,3534.0,-510.0
259,005990,294.0,6024.0,4410.0,5544.0
260,006040,5544.0,11592.0,3168.0,16866.0
261,006050,96.0,-144.0,306.0,12.0
262,006060,1386.0,5538.0,3414.0,4956.0
263,006090,522.0,1674.0,486.0,1560.0
264,006110,144.0,564.0,372.0,216.0
265,006120,6432.0,13050.0,-9486.0,-7836.0
266,006140,66.0,360.0,702.0,276.0
267,006200,228.0,1320.0,1482.0,948.0
268,006220,-1992.0,-528.0,-996.0,1380.0
269,006260,-1458.0,18222.0,2994.0,14244.0
270,006280,-1584.0,2418.0,864.0,3474.0
271,006340,-90.0,246.0,-654.0,-240.0
272,006360,11364.0,45558.0,61974.0,-12330.0
273,006370,-472.0,-420.0,-1188.0,-564.0
274,006380,-534.0,1332.0,528.0,2928.0
275,006390,528.0,2454.0,1308.0,1446.0
276,006400,21042.0,55386.0,15636.0,-15006.0
277,006490,-72.0,870.0,162.0,90.0
278,006570,294.0,-240.0,-696.0,246.0
279,006580,240.0,1932.0,2640.0,-42.0
280,006620,90.0,606.0,-48.0,570.0
281,006650,3846.0,13818.0,21054.0,13674.0
282,006660,90.0,438.0,90.0,906.0
283,006730,12.0,2256.0,2160.0,594.0
284,006740,156.0,432.0,1566.0,234.0
285,006800,46434.0,-202518.0,-292530.0,-248676.0
286,006840,-13512.0,16452.0,19038.0,16854.0
287,006880,288.0,-390.0,858.0,-948.0
288,006890,144.0,1992.0,294.0,378.0
289,006910,468.0,438.0,-708.0,-864.0
290,006920,-258.0,-288.0,486.0,336.0
291,006980,-474.0,-354.0,-720.0,114.0
292,007070,12900.0,48258.0,19488.0,26532.0
293,007110,6.0,12.0,30.0,-48.0
294,007120,-78.0,-132.0,-180.0,-78.0
295,007160,-624.0,2190.0,984.0,3984.0
296,007210,438.0,894.0,-294.0,1014.0
297,007280,990.0,192.0,1320.0,48.0
298,007310,3492.0,11178.0,11814.0,6516.0
299,007340,1452.0,5430.0,4452.0,4788.0
300,007370,48.0,342.0,66.0,-60.0
301,007390,-48.0,24.0,222.0,210.0
302,007460,288.0,-66.0,-90.0,486.0
303,007530,60.0,510.0,462.0,-354.0
304,007540,294.0,2460.0,1656.0,1968.0
305,007570,396.0,2172.0,1326.0,1800.0
306,007590,-1776.0,228.0,162.0,558.0
307,007610,-300.0,-54.0,150.0,222.0
308,007630,36.0,-168.0,-912.0,-804.0
309,007660,-1620.0,930.0,-1596.0,402.0
310,007680,882.0,-4410.0,288.0,156.0
311,007690,-1668.0,5274.0,-726.0,1806.0
312,007700,252.0,9696.0,1638.0,3996.0
313,007720,-864.0,978.0,1986.0,768.0
314,007770,42.0,636.0,804.0,-270.0
315,007810,1020.0,2832.0,600.0,2088.0
316,007820,528.0,-300.0,-264.0,-462.0
317,007860,1854.0,13434.0,3216.0,11460.0
318,007980,-294.0,-522.0,876.0,1278.0
319,008040,1128.0,-246.0,1722.0,1788.0
320,008060,1800.0,10758.0,2268.0,4134.0
321,008250,-216.0,774.0,2022.0,2496.0
322,008260,474.0,858.0,1884.0,1458.0
323,008290,-48.0,18.0,-48.0,-30.0
324,008350,-408.0,1662.0,1452.0,1818.0
325,008370,66.0,462.0,174.0,378.0
326,008420,78.0,264.0,606.0,-162.0
327,008470,150.0,168.0,-60.0,-48.0
328,008490,684.0,1326.0,2940.0,2742.0
329,008500,102.0,-642.0,-576.0,-180.0
330,008560,-96246.0,-332622.0,-302562.0,-219042.0
331,008600,78.0,1410.0,-90.0,666.0
332,008700,144.0,1266.0,-264.0,126.0
333,008730,636.0,2370.0,1242.0,3756.0
334,008770,-27150.0,24222.0,9234.0,12432.0
335,008800,102.0,-624.0,-360.0,-312.0
336,008830,396.0,366.0,678.0,654.0
337,008930,-30.0,780.0,162.0,-2022.0
338,008970,750.0,-1362.0,90.0,-276.0
339,009070,222.0,1860.0,474.0,900.0
340,009140,18.0,24.0,-12.0,-144.0
341,009150,15144.0,61278.0,93522.0,43062.0
342,009160,-834.0,2250.0,2244.0,-570.0
343,009180,210.0,1758.0,6.0,96.0
344,009190,114.0,198.0,540.0,1380.0
345,009200,1572.0,4698.0,5130.0,6966.0
346,009240,3774.0,4764.0,3822.0,3972.0
347,009270,1044.0,1806.0,300.0,78.0
348,009290,318.0,1758.0,3186.0,1410.0
349,009300,246.0,792.0,768.0,306.0
350,009310,-3210.0,-216.0,-1428.0,2418.0
351,009320,-48.0,144.0,36.0,306.0
352,009410,30654.0,2154.0,6900.0,1620.0
353,009420,186.0,1230.0,-180.0,2526.0
354,009440,-2556.0,5724.0,84.0,876.0
355,009450,-1056.0,4716.0,-870.0,1206.0
356,009460,108.0,624.0,378.0,1098.0
357,009470,66.0,408.0,594.0,822.0
358,009520,468.0,480.0,588.0,558.0
359,009540,10890.0,-87846.0,7590.0,35598.0
360,009580,924.0,3132.0,6132.0,6306.0
361,009620,750.0,1062.0,396.0,582.0
362,009680,114.0,1794.0,1308.0,1134.0
363,009730,-48.0,-282.0,-192.0,-126.0
364,009770,306.0,1008.0,108.0,438.0
365,009780,192.0,912.0,534.0,420.0
366,009810,162.0,0.0,114.0,408.0
367,009830,-2370.0,72366.0,43602.0,54972.0
368,009970,-2532.0,16950.0,16302.0,11466.0
369,010040,-294.0,372.0,1338.0,-486.0
370,010050,-1074.0,-31032.0,5676.0,-7890.0
371,010060,618.0,-2394.0,40590.0,28818.0
372,010100,-282.0,3228.0,2520.0,1566.0
373,010120,2082.0,12966.0,12282.0,8676.0
374,010130,3444.0,41562.0,53298.0,47808.0
375,010140,-38898.0,-40872.0,9930.0,32406.0
376,010170,-144.0,-198.0,-498.0,498.0
377,010240,138.0,648.0,684.0,174.0
378,010280,-738.0,732.0,1158.0,630.0
379,010400,480.0,-234.0,1194.0,-84.0
380,010420,318.0,996.0,-498.0,144.0
381,010470,-1356.0,336.0,936.0,912.0
382,010580,72.0,666.0,366.0,-222.0
383,010600,-444.0,-462.0,-558.0,-240.0
384,010620,11838.0,-4344.0,31110.0,-40758.0
385,010640,18.0,204.0,84.0,-12.0
386,010660,-126.0,234.0,498.0,-372.0
387,010690,1026.0,4908.0,432.0,-1206.0
388,010770,642.0,-258.0,-1302.0,990.0
389,010780,-468.0,-7032.0,15366.0,6678.0
390,010820,102.0,1842.0,1254.0,894.0
391,010950,-47034.0,40764.0,-17292.0,68598.0
392,010960,-600.0,1812.0,420.0,330.0
393,011000,-162.0,-78.0,-438.0,-240.0
394,011040,912.0,-168.0,1998.0,888.0
395,011070,8634.0,46140.0,63738.0,26760.0
396,011080,-186.0,384.0,270.0,120.0
397,011090,-36.0,-54.0,-222.0,378.0
398,011150,126.0,438.0,-60.0,936.0
399,011170,10386.0,76674.0,82854.0,187740.0
400,011200,2976.0,23958.0,-25014.0,-16524.0
401,011210,-3414.0,26652.0,-6798.0,4362.0
402,011230,-90.0,-102.0,6.0,258.0
403,011280,504.0,3138.0,4152.0,1800.0
404,011300,426.0,144.0,-1272.0,-774.0
405,011320,348.0,678.0,984.0,300.0
406,011330,-282.0,354.0,-408.0,126.0
407,011370,-18.0,-1302.0,1842.0,786.0
408,011390,210.0,894.0,588.0,-138.0
409,011420,-120.0,48.0,-156.0,-444.0
410,011500,312.0,1134.0,582.0,174.0
411,011560,732.0,-2988.0,-462.0,-84.0
412,011690,-1302.0,-888.0,-126.0,-234.0
413,011700,-156.0,18.0,168.0,-156.0
414,011760,444.0,8436.0,-2508.0,2910.0
415,011780,5130.0,33462.0,29076.0,25260.0
416,011790,1506.0,2430.0,13896.0,12558.0
417,011810,516.0,30.0,-2886.0,6018.0
418,011930,306.0,534.0,-2670.0,-1026.0
419,012030,390.0,1860.0,408.0,480.0
420,012160,180.0,-522.0,474.0,-120.0
421,012170,-96.0,-528.0,-204.0,-108.0
422,012200,228.0,-162.0,-180.0,1188.0
423,012280,150.0,204.0,408.0,234.0
424,012320,852.0,1944.0,750.0,3612.0
425,012330,53526.0,158646.0,96606.0,116922.0
426,012340,24.0,72.0,36.0,84.0
427,012450,-1512.0,42906.0,3378.0,-582.0
428,012510,1320.0,3612.0,3726.0,3006.0
429,012600,-516.0,-468.0,-222.0,-324.0
430,012610,258.0,408.0,114.0,318.0
431,012620,-240.0,240.0,564.0,-600.0
432,012630,2364.0,10200.0,7674.0,27192.0
433,012690,372.0,468.0,120.0,474.0
434,012700,1914.0,9072.0,132.0,-7836.0
435,012750,2478.0,16788.0,14220.0,17652.0
436,012790,180.0,738.0,552.0,522.0
437,012800,-588.0,714.0,1728.0,648.0
438,012860,654.0,2700.0,630.0,3474.0
439,013000,-252.0,252.0,330.0,-60.0
440,013030,222.0,1386.0,570.0,2502.0
441,013120,2550.0,7608.0,6504.0,8328.0
442,013310,612.0,3702.0,5826.0,2220.0
443,013360,-402.0,-2088.0,1290.0,-204.0
444,013520,1278.0,6066.0,1152.0,3564.0
445,013570,1002.0,4788.0,3192.0,1500.0
446,013580,4332.0,816.0,6246.0,-3504.0
447,013700,258.0,456.0,-408.0,492.0
448,013720,-48.0,162.0,96.0,144.0
449,013810,-42.0,444.0,60.0,378.0
450,013870,-234.0,1764.0,1794.0,1578.0
451,013890,2898.0,-1326.0,696.0,1764.0
452,013990,42.0,-72.0,-462.0,-354.0
453,014100,-204.0,378.0,156.0,324.0
454,014130,-312.0,1932.0,390.0,102.0
455,014160,306.0,1734.0,978.0,102.0
456,014190,-120.0,222.0,30.0,-222.0
457,014200,120.0,-732.0,-798.0,-918.0
458,014280,-312.0,1674.0,1314.0,588.0
459,014440,198.0,270.0,846.0,906.0
460,014470,624.0,528.0,120.0,1470.0
461,014530,306.0,180.0,744.0,246.0
462,014570,282.0,372.0,348.0,24.0
463,014580,84.0,2868.0,294.0,1638.0
464,014620,-576.0,954.0,-1362.0,642.0
465,014680,1890.0,6096.0,6036.0,5244.0
466,014710,84.0,2076.0,216.0,-132.0
467,014790,-996.0,-7776.0,8022.0,4620.0
468,014820,1482.0,7362.0,4500.0,2526.0
469,014830,4668.0,4350.0,3300.0,-1140.0
470,014910,12.0,120.0,60.0,144.0
471,014940,78.0,696.0,-120.0,-450.0
472,014970,120.0,276.0,330.0,708.0
473,014990,-30.0,618.0,204.0,114.0
474,015020,-6.0,1002.0,-264.0,1572.0
475,015230,-162.0,2688.0,-198.0,-18.0
476,015260,-114.0,-24.0,42.0,-114.0
477,015350,3360.0,5148.0,5616.0,3342.0
478,015360,-2208.0,5916.0,-1272.0,5088.0
479,015540,-42.0,-366.0,-552.0,-318.0
480,015590,300.0,654.0,186.0,-1014.0
481,015710,66.0,906.0,894.0,894.0
482,015750,4080.0,22962.0,16254.0,20322.0
483,015760,242646.0,492804.0,400806.0,674994.0
484,015860,-330.0,5040.0,408.0,1512.0
485,015890,-408.0,3588.0,1098.0,2394.0
486,016090,258.0,534.0,1014.0,-144.0
487,016100,-18.0,-1074.0,-210.0,318.0
488,016250,1680.0,5682.0,3138.0,11076.0
489,016360,-70374.0,-236880.0,-91212.0,-47346.0
490,016380,138.0,-10188.0,-492.0,10986.0
491,016450,3084.0,8694.0,870.0,5748.0
492,016580,504.0,1482.0,1050.0,1410.0
493,016590,1302.0,6264.0,8238.0,1146.0
494,016600,-294.0,-1512.0,-1410.0,-12.0
495,016610,-4146.0,-37230.0,10128.0,-7890.0
496,016670,258.0,516.0,-54.0,216.0
497,016710,1746.0,3420.0,3384.0,3804.0
498,016740,576.0,1284.0,2340.0,3678.0
499,016790,354.0,-330.0,-948.0,498.0
500,016800,1488.0,1422.0,3138.0,1326.0
501,016880,-228.0,1356.0,-3402.0,888.0
502,016920,-48.0,330.0,-306.0,234.0
503,017000,156.0,1722.0,-300.0,66.0
504,017040,-204.0,1230.0,-228.0,396.0
505,017180,-144.0,-174.0,684.0,480.0
506,017370,270.0,1740.0,-1464.0,318.0
507,017390,8628.0,12684.0,-9174.0,2688.0
508,017480,126.0,438.0,462.0,-312.0
509,017510,-504.0,174.0,66.0,216.0
510,017550,492.0,756.0,138.0,396.0
511,017650,984.0,996.0,762.0,240.0
512,017670,58344.0,239166.0,259956.0,231348.0
513,017800,-252.0,6120.0,10116.0,5562.0
514,017810,-486.0,5124.0,3558.0,3756.0
515,017890,912.0,858.0,1596.0,312.0
516,017900,66.0,600.0,756.0,282.0
517,017940,-3672.0,3282.0,11082.0,-7740.0
518,017960,816.0,-24.0,2568.0,-924.0
519,018000,360.0,-426.0,-1092.0,2094.0
520,018120,384.0,888.0,1080.0,1098.0
521,018250,-222.0,1944.0,2472.0,-396.0
522,018260,13044.0,53628.0,71790.0,50088.0
523,018290,-120.0,-210.0,-660.0,-330.0
524,018310,432.0,2526.0,4344.0,3768.0
525,018470,-102.0,198.0,-258.0,-474.0
526,018620,150.0,-108.0,-222.0,-90.0
527,018670,7800.0,18462.0,-5664.0,-6492.0
528,018680,114.0,174.0,-72.0,-66.0
529,018700,-25.0,0.0,0.0,0.0
530,018880,-1338.0,46704.0,28278.0,34002.0
531,019010,-276.0,462.0,444.0,468.0
532,019170,432.0,1164.0,1926.0,606.0
533,019180,-642.0,924.0,912.0,846.0
534,019210,-12.0,2064.0,1890.0,3030.0
535,019440,462.0,846.0,2148.0,174.0
536,019490,-162.0,-534.0,-474.0,-660.0
537,019540,-306.0,1896.0,3198.0,3468.0
538,019550,582.0,234.0,-642.0,-36.0
539,019590,168.0,-474.0,384.0,276.0
540,019660,-10.0,-25.0,5.0,-330.0
541,019680,228.0,4506.0,3852.0,5574.0
542,019770,168.0,-108.0,1182.0,126.0
543,019990,-66.0,132.0,204.0,156.0
544,020000,648.0,8184.0,12894.0,4368.0
545,020120,12.0,48.0,-108.0,-6.0
546,020150,504.0,2892.0,5160.0,3672.0
547,020400,-174.0,792.0,12.0,84.0
548,020560,-23328.0,33540.0,43020.0,43464.0
549,020710,-414.0,876.0,-552.0,1230.0
550,020760,-324.0,-906.0,1092.0,2196.0
551,021040,108.0,864.0,-114.0,588.0
552,021050,282.0,108.0,192.0,378.0
553,021080,-162.0,258.0,84.0,372.0
554,021240,13752.0,32358.0,32346.0,33216.0
555,021320,6522.0,5622.0,-1500.0,6156.0
556,021650,156.0,492.0,168.0,468.0
557,022100,-276.0,3828.0,1770.0,1332.0
558,022220,180.0,918.0,822.0,630.0
559,023000,-1080.0,1122.0,630.0,1782.0
560,023150,-324.0,684.0,-678.0,198.0
561,023160,660.0,-1824.0,336.0,1026.0
562,023350,18.0,1512.0,234.0,-666.0
563,023410,-594.0,2766.0,4584.0,2886.0
564,023440,-108.0,-108.0,282.0,-42.0
565,023450,468.0,168.0,984.0,528.0
566,023460,-1740.0,-1698.0,-396.0,978.0
567,023530,-7554.0,98208.0,10398.0,94158.0
568,023590,62292.0,-176832.0,-86484.0,-51084.0
569,023600,1116.0,3090.0,4290.0,-18.0
570,023760,-4368.0,-14946.0,-21120.0,-5478.0
571,023770,270.0,1128.0,-162.0,-132.0
572,023790,0.0,-690.0,252.0,-102.0
573,023800,1398.0,2430.0,474.0,2808.0
574,023810,270.0,1038.0,204.0,-48.0
575,023890,3564.0,3018.0,1140.0,4428.0
576,023900,228.0,1038.0,744.0,840.0
577,023910,774.0,2118.0,2694.0,1230.0
578,023960,438.0,-2694.0,1848.0,960.0
579,024060,252.0,42.0,300.0,96.0
580,024070,24.0,234.0,216.0,300.0
581,024090,-66.0,1404.0,798.0,504.0
582,024110,73914.0,-681042.0,-623814.0,191910.0
583,024120,180.0,828.0,1674.0,1032.0
584,024720,648.0,5046.0,2310.0,4098.0
585,024740,234.0,1434.0,138.0,-18.0
586,024800,324.0,708.0,1068.0,384.0
587,024810,-210.0,882.0,-756.0,198.0
588,024830,-516.0,2388.0,726.0,606.0
589,024840,300.0,-294.0,1158.0,-1110.0
590,024850,25.0,0.0,0.0,0.0
591,024880,144.0,2130.0,1362.0,-186.0
592,024890,-246.0,636.0,414.0,288.0
593,024900,-1650.0,426.0,2904.0,2286.0
594,024910,456.0,2250.0,4686.0,384.0
595,024940,60.0,618.0,-96.0,24.0
596,024950,-318.0,252.0,-486.0,270.0
597,025000,2430.0,3930.0,1284.0,2358.0
598,025320,330.0,1566.0,174.0,1350.0
599,025440,192.0,126.0,336.0,636.0
600,025530,42.0,1296.0,702.0,468.0
601,025540,1476.0,3714.0,3180.0,4602.0
602,025550,612.0,138.0,300.0,-228.0
603,025560,120.0,-132.0,-90.0,-54.0
604,025620,-30.0,210.0,-1896.0,-1236.0
605,025750,-90.0,144.0,1302.0,900.0
606,025770,-2316.0,3378.0,978.0,3672.0
607,025820,-168.0,342.0,-36.0,-132.0
608,025860,-4668.0,2718.0,480.0,1842.0
609,025870,-162.0,330.0,60.0,-102.0
610,025880,204.0,24.0,-174.0,456.0
611,025890,-120.0,18.0,-180.0,-174.0
612,025900,1848.0,2376.0,6972.0,5472.0
613,025950,72.0,84.0,-54.0,150.0
614,025980,-1332.0,960.0,3114.0,2850.0
615,026040,-54.0,-84.0,558.0,312.0
616,026150,228.0,1074.0,-180.0,-126.0
617,026890,300.0,-744.0,552.0,-588.0
618,026910,48.0,30.0,48.0,150.0
619,026940,474.0,276.0,210.0,-474.0
620,026960,4170.0,6408.0,5724.0,6684.0
621,027040,204.0,-138.0,120.0,-210.0
622,027050,-18.0,390.0,306.0,444.0
623,027360,894.0,3660.0,1074.0,-576.0
624,027410,72.0,828.0,-1752.0,23046.0
625,027580,-66.0,192.0,-48.0,-600.0
626,027710,-678.0,1686.0,-4056.0,1860.0
627,027740,-654.0,-204.0,228.0,738.0
628,027830,90.0,-6.0,132.0,132.0
629,027970,324.0,876.0,576.0,-198.0
630,028040,-36.0,504.0,-810.0,-108.0
631,028050,7308.0,47046.0,26772.0,-8040.0
632,028080,-54.0,108.0,12.0,114.0
633,028100,984.0,960.0,3210.0,2286.0
634,028150,3420.0,5616.0,2748.0,4260.0
635,028260,438.0,46248.0,100704.0,78744.0
636,028300,-660.0,-2922.0,-1752.0,-1146.0
637,028670,3996.0,24288.0,16086.0,15696.0
638,029460,582.0,1866.0,3576.0,3372.0
639,029480,-60.0,-144.0,-78.0,12.0
640,029530,-996.0,2724.0,2970.0,3498.0
641,029780,47760.0,70470.0,-24186.0,-61056.0
642,029960,624.0,2058.0,2202.0,1650.0
643,030000,684.0,12000.0,13440.0,2346.0
644,030190,30.0,3696.0,2964.0,2622.0
645,030200,55458.0,224712.0,240630.0,232662.0
646,030210,1014.0,-33222.0,13134.0,-16878.0
647,030350,-60.0,-96.0,-534.0,-318.0
648,030520,1566.0,2430.0,3630.0,2556.0
649,030530,282.0,5724.0,4512.0,3174.0
650,030610,-3798.0,462.0,8322.0,-18912.0
651,030720,-546.0,1146.0,24.0,870.0
652,030790,-198.0,-906.0,-1698.0,-396.0
653,031310,126.0,-6.0,888.0,174.0
654,031330,438.0,2748.0,-522.0,1110.0
655,031390,90.0,360.0,288.0,510.0
656,031430,168.0,6180.0,6402.0,834.0
657,031440,-1116.0,1728.0,1800.0,5016.0
658,031510,-204.0,1680.0,1092.0,72.0
659,031820,798.0,-1314.0,246.0,186.0
660,031860,-48.0,-264.0,-312.0,-492.0
661,031980,78.0,-216.0,2490.0,1080.0
662,032080,180.0,-132.0,354.0,294.0
663,032190,62232.0,-174870.0,-85062.0,-50406.0
664,032280,-6.0,420.0,366.0,156.0
665,032350,-1254.0,-1500.0,126.0,390.0
666,032500,5892.0,-222.0,-2244.0,-474.0
667,032540,-114.0,30.0,720.0,360.0
668,032560,480.0,1902.0,606.0,1860.0
669,032580,78.0,-222.0,-204.0,-36.0
670,032620,-150.0,708.0,504.0,558.0
671,032640,34014.0,135156.0,124164.0,136764.0
672,032680,-756.0,2202.0,-1032.0,864.0
673,032750,336.0,600.0,168.0,246.0
674,032790,6.0,-354.0,-150.0,-384.0
675,032800,42.0,102.0,36.0,-228.0
676,032820,42.0,-600.0,42.0,342.0
677,032830,-96186.0,518670.0,117366.0,96492.0
678,032850,204.0,126.0,-42.0,270.0
679,032860,84.0,-288.0,108.0,-78.0
680,032940,138.0,408.0,-24.0,174.0
681,032960,126.0,282.0,30.0,120.0
682,032980,-54.0,-156.0,-474.0,-120.0
683,033050,90.0,-6.0,-270.0,330.0
684,033100,252.0,438.0,300.0,282.0
685,033110,-30.0,-378.0,-582.0,-222.0
686,033130,42.0,360.0,330.0,414.0
687,033160,3630.0,-1782.0,3048.0,-5232.0
688,033170,-150.0,780.0,1098.0,2496.0
689,033180,618.0,1464.0,-1374.0,528.0
690,033200,16.0,0.0,0.0,0.0
691,033230,156.0,-30.0,-618.0,198.0
692,033240,-2334.0,1368.0,2190.0,2304.0
693,033270,576.0,2292.0,2214.0,1662.0
694,033290,-462.0,3114.0,1614.0,2760.0
695,033310,12.0,144.0,126.0,108.0
696,033320,594.0,702.0,216.0,102.0
697,033340,-600.0,-714.0,-132.0,252.0
698,033430,-36.0,18.0,228.0,-270.0
699,033500,654.0,-330.0,1092.0,1218.0
700,033530,642.0,4254.0,2040.0,-768.0
701,033540,96.0,564.0,-534.0,-210.0
702,033560,180.0,270.0,-48.0,612.0
703,033600,0.0,0.0,-1390.0,-140.0
704,033640,504.0,5394.0,2502.0,3582.0
705,033660,-18306.0,-69306.0,-41448.0,28272.0
706,033780,14016.0,62550.0,49302.0,68586.0
707,033790,-48.0,-474.0,-210.0,-276.0
708,033830,222.0,108.0,36.0,450.0
709,033920,-294.0,18.0,-1062.0,1176.0
710,034020,-6462.0,26022.0,59376.0,25758.0
711,034120,-546.0,-3660.0,3306.0,4902.0
712,034220,11082.0,162390.0,269046.0,405852.0
713,034230,-2100.0,9408.0,6384.0,240.0
714,034300,2442.0,3612.0,3816.0,-3738.0
715,034310,-2304.0,15660.0,14904.0,7734.0
716,034590,4848.0,1692.0,-1614.0,1332.0
717,034730,59688.0,478728.0,471390.0,415806.0
718,034810,126.0,348.0,276.0,42.0
719,034830,5436.0,204.0,3966.0,-5796.0
720,034940,24.0,252.0,120.0,-42.0
721,034950,-60.0,1938.0,1362.0,1362.0
722,035000,348.0,1188.0,-2520.0,3090.0
723,035080,-5250.0,8184.0,5382.0,11130.0
724,035150,60.0,348.0,-480.0,1272.0
725,035200,90.0,408.0,444.0,330.0
726,035250,-4104.0,24474.0,21834.0,27786.0
727,035290,-30.0,-372.0,-186.0,24.0
728,035420,16674.0,81408.0,58410.0,56400.0
729,035460,-84.0,492.0,-276.0,36.0
730,035510,474.0,-144.0,828.0,990.0
731,035600,-3276.0,13542.0,2478.0,10488.0
732,035610,150.0,822.0,342.0,228.0
733,035620,-126.0,-1254.0,-1932.0,888.0
734,035720,12594.0,45162.0,29490.0,22314.0
735,035760,3366.0,44604.0,35202.0,19800.0
736,035810,-360.0,6468.0,630.0,7128.0
737,035890,3624.0,4980.0,4170.0,2184.0
738,035900,156.0,3054.0,1356.0,1626.0
739,036000,-3492.0,7356.0,2028.0,6930.0
740,036010,720.0,360.0,582.0,252.0
741,036030,618.0,2994.0,3048.0,1698.0
742,036090,30.0,0.0,318.0,324.0
743,036120,-42.0,570.0,78.0,66.0
744,036170,-18.0,102.0,102.0,198.0
745,036180,-102.0,-18.0,144.0,126.0
746,036190,144.0,1380.0,1338.0,2790.0
747,036200,678.0,1032.0,534.0,1626.0
748,036260,-120.0,-378.0,-108.0,-390.0
749,036420,-1986.0,2388.0,1488.0,-210.0
750,036460,57996.0,119148.0,3426.0,150456.0
751,036480,6.0,138.0,186.0,102.0
752,036490,2742.0,15090.0,10560.0,8202.0
753,036530,1932.0,5352.0,7734.0,6252.0
754,036540,1440.0,4770.0,2178.0,5064.0
755,036560,168.0,1050.0,636.0,678.0
756,036570,15498.0,23532.0,21168.0,35712.0
757,036580,-360.0,846.0,-2304.0,2496.0
758,036620,-138.0,-186.0,90.0,-42.0
759,036630,1302.0,-222.0,48.0,1470.0
760,036640,282.0,1194.0,-1038.0,180.0
761,036670,132.0,834.0,450.0,462.0
762,036690,-90.0,192.0,72.0,354.0
763,036710,1644.0,-2124.0,5310.0,7776.0
764,036800,-1278.0,5280.0,5286.0,2976.0
765,036810,414.0,1026.0,1800.0,-174.0
766,036830,1860.0,11706.0,11142.0,6762.0
767,036890,456.0,1758.0,-408.0,96.0
768,036930,-36.0,3510.0,-2100.0,3426.0
769,037030,72.0,240.0,162.0,150.0
770,037070,-348.0,1020.0,360.0,426.0
771,037230,240.0,222.0,-60.0,96.0
772,037270,-522.0,498.0,546.0,-306.0
773,037330,324.0,2502.0,1164.0,1890.0
774,037350,-3402.0,396.0,2988.0,1002.0
775,037370,-96.0,186.0,-114.0,180.0
776,037400,1218.0,3912.0,636.0,1812.0
777,037440,-162.0,1212.0,756.0,510.0
778,037460,1032.0,2916.0,-1254.0,198.0
779,037560,3498.0,15024.0,15756.0,16878.0
780,037710,-522.0,4458.0,3234.0,3078.0
781,037760,0.0,366.0,264.0,618.0
782,037950,-12.0,414.0,294.0,252.0
783,038010,-96.0,1074.0,1212.0,-150.0
784,038060,-906.0,576.0,-324.0,258.0
785,038070,-108.0,438.0,252.0,78.0
786,038110,-18.0,1782.0,2478.0,3282.0
787,038160,-180.0,-612.0,-468.0,114.0
788,038290,-276.0,870.0,936.0,786.0
789,038340,6.0,-768.0,-30.0,-108.0
790,038390,-414.0,996.0,4122.0,180.0
791,038460,-318.0,-108.0,348.0,-108.0
792,038500,384.0,3984.0,3132.0,5436.0
793,038530,36.0,-210.0,-216.0,-54.0
794,038540,138.0,39432.0,4986.0,-31464.0
795,038620,24.0,150.0,168.0,168.0
796,038680,-870.0,-174.0,66.0,228.0
797,038870,-30.0,3414.0,66.0,-372.0
798,038880,246.0,240.0,60.0,-126.0
799,038950,-108.0,840.0,-318.0,36.0
800,039010,-60.0,252.0,1644.0,864.0
801,039020,-540.0,1104.0,366.0,558.0
802,039030,324.0,3174.0,774.0,2202.0
803,039130,-4332.0,1716.0,1212.0,3972.0
804,039200,-360.0,0.0,-306.0,-222.0
805,039230,-168.0,-180.0,12.0,-654.0
806,039240,570.0,654.0,1368.0,-48.0
807,039290,66.0,180.0,174.0,114.0
808,039310,408.0,264.0,408.0,-240.0
809,039340,6.0,786.0,1002.0,624.0
810,039420,48.0,276.0,276.0,306.0
811,039440,402.0,4560.0,-1956.0,114.0
812,039490,61752.0,-180720.0,-90006.0,-49662.0
813,039560,570.0,-1746.0,-270.0,540.0
814,039570,102.0,-270.0,2226.0,372.0
815,039610,40.0,212.0,8.0,-24.0
816,039740,12.0,6.0,-72.0,90.0
817,039830,84.0,1248.0,450.0,234.0
818,039840,-180.0,576.0,732.0,336.0
819,039860,282.0,246.0,90.0,102.0
820,039980,-1242.0,684.0,78.0,-360.0
821,040160,-348.0,984.0,582.0,-456.0
822,040300,366.0,762.0,948.0,1278.0
823,040350,-276.0,-588.0,-462.0,-282.0
824,040420,60.0,774.0,834.0,738.0
825,040610,-66.0,2658.0,-1452.0,6426.0
826,040910,24.0,1440.0,1788.0,-714.0
827,041020,-78.0,-276.0,-210.0,-624.0
828,041140,-114.0,-1248.0,-942.0,-24.0
829,041190,102.0,-54.0,-552.0,954.0
830,041440,1014.0,-156.0,840.0,-138.0
831,041460,108.0,120.0,156.0,276.0
832,041510,-2580.0,5514.0,7200.0,4650.0
833,041520,852.0,4344.0,-1932.0,-1332.0
834,041590,-60.0,36.0,-504.0,90.0
835,041650,-516.0,444.0,1020.0,1788.0
836,041830,342.0,1452.0,1062.0,1116.0
837,041910,258.0,432.0,420.0,0.0
838,041920,108.0,732.0,222.0,60.0
839,041930,522.0,1032.0,1224.0,1038.0
840,041960,-84.0,60.0,-120.0,12.0
841,042000,-12.0,1218.0,354.0,738.0
842,042040,-210.0,-816.0,-192.0,-240.0
843,042110,138.0,222.0,144.0,-516.0
844,042370,99.0,990.0,0.0,0.0
845,042420,786.0,1956.0,2436.0,642.0
846,042500,-486.0,-306.0,816.0,282.0
847,042510,-54.0,216.0,198.0,168.0
848,042600,72.0,816.0,-192.0,-186.0
849,042660,-40422.0,152526.0,43506.0,-61194.0
850,042670,474.0,34044.0,50268.0,39942.0
851,042700,-48.0,1632.0,2736.0,2160.0
852,042940,-96.0,4866.0,-4302.0,-756.0
853,043090,-60.0,-204.0,-54.0,-198.0
854,043100,-132.0,-402.0,-456.0,-498.0
855,043150,-150.0,2442.0,1992.0,3060.0
856,043200,-216.0,-732.0,-408.0,-1026.0
857,043220,42.0,384.0,-678.0,-546.0
858,043260,186.0,576.0,60.0,234.0
859,043290,-462.0,-336.0,-174.0,-84.0
860,043340,132.0,186.0,162.0,534.0
861,043360,-102.0,-12.0,12.0,78.0
862,043370,1026.0,2610.0,1608.0,2472.0
863,043590,48.0,-486.0,-474.0,144.0
864,043610,210.0,174.0,204.0,474.0
865,043650,174.0,-258.0,-318.0,-144.0
866,043710,12.0,-1056.0,-144.0,72.0
867,043910,-228.0,72.0,-78.0,-234.0
868,044060,30.0,474.0,192.0,264.0
869,044180,174.0,-156.0,-300.0,-726.0
870,044340,174.0,2004.0,2058.0,1668.0
871,044380,150.0,48.0,-336.0,-474.0
872,044450,1230.0,4944.0,4950.0,4566.0
873,044480,48.0,-408.0,36.0,-90.0
874,044490,-210.0,-138.0,-3972.0,66.0
875,044780,168.0,252.0,-120.0,480.0
876,044820,264.0,-342.0,-84.0,654.0
877,044960,108.0,162.0,108.0,18.0
878,044990,0.0,-246.0,-24.0,-174.0
879,045060,156.0,708.0,564.0,522.0
880,045100,-1662.0,2040.0,2694.0,240.0
881,045300,138.0,0.0,468.0,396.0
882,045340,0.0,36.0,84.0,18.0
883,045390,846.0,1584.0,444.0,12.0
884,045510,78.0,-420.0,498.0,-252.0
885,045520,540.0,498.0,258.0,222.0
886,045660,336.0,402.0,36.0,858.0
887,045890,-114.0,-846.0,-102.0,-174.0
888,045970,-1470.0,1884.0,1164.0,1218.0
889,046070,228.0,660.0,0.0,-234.0
890,046110,684.0,1866.0,168.0,678.0
891,046120,-78.0,-174.0,12.0,-138.0
892,046140,1260.0,-1926.0,246.0,84.0
893,046210,30.0,60.0,60.0,-126.0
894,046310,-156.0,2406.0,498.0,-522.0
895,046390,0.0,396.0,-306.0,258.0
896,046440,-270.0,4674.0,1230.0,-888.0
897,046890,834.0,10170.0,6216.0,10038.0
898,046940,-252.0,-1716.0,2358.0,-1626.0
899,046970,-12.0,144.0,210.0,168.0
900,047040,8646.0,-18582.0,10572.0,20244.0
901,047050,2910.0,96540.0,-8766.0,22932.0
902,047080,-144.0,-198.0,84.0,-162.0
903,047310,-702.0,3372.0,4122.0,714.0
904,047400,-24.0,396.0,-12.0,450.0
905,047560,96.0,198.0,306.0,-6.0
906,047770,114.0,312.0,168.0,156.0
907,047810,11814.0,21270.0,8262.0,6276.0
908,047820,-1338.0,690.0,-1290.0,36.0
909,047920,-30.0,168.0,-108.0,-48.0
910,048260,-1626.0,4038.0,2472.0,2808.0
911,048410,-162.0,552.0,300.0,-222.0
912,048430,492.0,678.0,582.0,702.0
913,048470,270.0,-84.0,348.0,24.0
914,048530,-108.0,-48.0,252.0,-330.0
915,048550,-1578.0,1638.0,3192.0,2520.0
916,048770,6.0,78.0,54.0,54.0
917,048830,354.0,246.0,-6.0,444.0
918,048870,36.0,318.0,168.0,-294.0
919,048910,168.0,138.0,108.0,456.0
920,049070,312.0,6120.0,3714.0,2184.0
921,049080,-108.0,480.0,-588.0,-186.0
922,049120,-270.0,816.0,546.0,-378.0
923,049180,-150.0,30.0,-108.0,-306.0
924,049430,324.0,936.0,762.0,702.0
925,049470,-264.0,-150.0,330.0,-246.0
926,049480,-480.0,666.0,-48.0,102.0
927,049520,-222.0,1458.0,1368.0,1596.0
928,049550,60.0,138.0,-222.0,-276.0
929,049630,12.0,756.0,204.0,-414.0
930,049720,-138.0,444.0,498.0,216.0
931,049770,2430.0,8052.0,1566.0,2982.0
932,049800,336.0,858.0,738.0,-804.0
933,049830,-222.0,414.0,144.0,372.0
934,049950,-84.0,930.0,396.0,2340.0
935,049960,168.0,612.0,840.0,1350.0
936,050090,-12.0,-162.0,42.0,-120.0
937,050110,-2232.0,1950.0,2946.0,-252.0
938,050120,-714.0,4536.0,-78.0,138.0
939,050320,-18.0,-210.0,-282.0,18.0
940,050540,174.0,-546.0,-216.0,-114.0
941,050760,102.0,1404.0,-120.0,36.0
942,050890,-852.0,1212.0,-648.0,1164.0
943,050960,30.0,324.0,312.0,264.0
944,051160,540.0,534.0,216.0,-6.0
945,051360,924.0,1668.0,786.0,2478.0
946,051370,810.0,870.0,-2214.0,4020.0
947,051380,-54.0,-486.0,216.0,66.0
948,051390,48.0,582.0,-30.0,228.0
949,051490,150.0,402.0,54.0,510.0
950,051500,1128.0,4716.0,3462.0,1404.0
951,051600,2772.0,9636.0,7806.0,7968.0
952,051630,6.0,78.0,-36.0,72.0
953,051780,-54.0,-150.0,60.0,-444.0
954,051900,7782.0,68376.0,49026.0,44130.0
955,051910,-5838.0,187266.0,127500.0,190842.0
956,051980,-72.0,-396.0,42.0,-24.0
957,052020,-246.0,-12.0,-360.0,-684.0
958,052190,66.0,-276.0,-516.0,-174.0
959,052220,96.0,768.0,72.0,192.0
960,052260,294.0,684.0,954.0,840.0
961,052300,18.0,-96.0,-138.0,186.0
962,052330,-870.0,4464.0,1614.0,1416.0
963,052400,6102.0,9486.0,-312.0,1008.0
964,052420,150.0,318.0,570.0,-378.0
965,052460,-474.0,492.0,-12.0,396.0
966,052600,78.0,342.0,282.0,324.0
967,052670,-24.0,300.0,-216.0,192.0
968,052690,-468.0,1626.0,4860.0,3756.0
969,052710,576.0,132.0,1338.0,1896.0
970,052770,-96.0,-264.0,-264.0,-42.0
971,052790,360.0,948.0,-72.0,654.0
972,052860,-156.0,732.0,372.0,450.0
973,052900,120.0,630.0,120.0,102.0
974,053030,348.0,648.0,816.0,486.0
975,053050,396.0,720.0,1014.0,756.0
976,053060,-150.0,156.0,198.0,348.0
977,053110,-264.0,-12.0,-564.0,-324.0
978,053160,-12.0,36.0,84.0,-72.0
979,053210,2400.0,9150.0,11010.0,5958.0
980,053260,-240.0,300.0,912.0,-438.0
981,053270,108.0,462.0,198.0,330.0
982,053280,-408.0,1806.0,756.0,222.0
983,053290,-36.0,378.0,6.0,144.0
984,053300,492.0,648.0,612.0,576.0
985,053350,-438.0,2766.0,2430.0,2382.0
986,053450,30.0,1380.0,402.0,948.0
987,053580,-24.0,426.0,456.0,312.0
988,053590,420.0,-1272.0,-690.0,-768.0
989,053610,438.0,4572.0,540.0,222.0
990,053620,756.0,1164.0,324.0,696.0
991,053660,1212.0,-702.0,-1722.0,-330.0
992,053690,-690.0,1338.0,390.0,954.0
993,053700,810.0,1722.0,4194.0,2538.0
994,053800,510.0,1362.0,1884.0,1458.0
995,053950,12.0,-384.0,-108.0,102.0
996,053980,168.0,150.0,96.0,-126.0
997,054040,258.0,1158.0,-330.0,222.0
998,054050,-438.0,18.0,1608.0,-1026.0
999,054090,-102.0,1080.0,858.0,450.0
1000,054180,-6.0,0.0,0.0,0.0
1001,054210,-18.0,2826.0,-24.0,6.0
1002,054300,30.0,18.0,48.0,198.0
1003,054410,-6.0,150.0,30.0,84.0
1004,054450,-762.0,1488.0,1122.0,708.0
1005,054540,186.0,594.0,168.0,222.0
1006,054620,0.0,-246.0,-324.0,888.0
1007,054630,-156.0,-246.0,-276.0,0.0
1008,054670,156.0,1374.0,1230.0,-186.0
1009,054780,126.0,1398.0,1272.0,2070.0
1010,054800,-1254.0,6102.0,1926.0,2010.0
1011,054920,-156.0,108.0,156.0,-18.0
1012,054930,330.0,318.0,-948.0,-684.0
1013,054940,-354.0,-312.0,348.0,-252.0
1014,054950,420.0,1116.0,1194.0,1080.0
1015,055490,246.0,786.0,270.0,732.0
1016,055550,-13392.0,430740.0,-379212.0,61278.0
1017,056000,6.0,108.0,-60.0,-222.0
1018,056080,-78.0,-516.0,-126.0,-648.0
1019,056090,90.0,-126.0,-180.0,-90.0
1020,056190,6714.0,462.0,2292.0,22596.0
1021,056360,162.0,192.0,150.0,468.0
1022,056700,-240.0,2028.0,-300.0,354.0
1023,056730,18.0,-936.0,-66.0,-1422.0
1024,057030,288.0,474.0,288.0,234.0
1025,057050,2748.0,1944.0,108.0,1674.0
1026,057500,720.0,-336.0,1482.0,2730.0
1027,057540,-270.0,-306.0,-30.0,786.0
1028,057680,-150.0,204.0,198.0,-174.0
1029,057880,-132.0,-810.0,-534.0,-168.0
1030,058110,186.0,-48.0,-96.0,-54.0
1031,058220,-366.0,-720.0,-240.0,156.0
1032,058400,186.0,720.0,750.0,420.0
1033,058420,-18.0,60.0,-102.0,-102.0
1034,058430,990.0,-690.0,858.0,1620.0
1035,058450,396.0,-102.0,-474.0,-402.0
1036,058470,1542.0,2724.0,3462.0,2106.0
1037,058530,72.0,324.0,-48.0,-1152.0
1038,058610,36.0,492.0,552.0,-954.0
1039,058630,246.0,474.0,102.0,396.0
1040,058650,6150.0,21948.0,8442.0,15882.0
1041,058730,372.0,660.0,1518.0,-828.0
1042,058820,108.0,168.0,54.0,114.0
1043,058850,-192.0,1500.0,762.0,834.0
1044,058860,768.0,2196.0,318.0,912.0
1045,058970,0.0,252.0,396.0,90.0
1046,059090,876.0,2688.0,2076.0,2160.0
1047,059100,174.0,90.0,-6.0,-18.0
1048,059120,48.0,210.0,426.0,168.0
1049,059210,0.0,174.0,-318.0,-12.0
1050,060150,702.0,1746.0,1968.0,558.0
1051,060230,42.0,516.0,276.0,-162.0
1052,060240,-192.0,-282.0,90.0,-426.0
1053,060250,-516.0,4392.0,1680.0,1104.0
1054,060260,-306.0,270.0,-60.0,-150.0
1055,060280,-42.0,-306.0,-912.0,-90.0
1056,060300,-114.0,-282.0,-192.0,-1332.0
1057,060370,-66.0,1080.0,-60.0,1764.0
1058,060380,-96.0,666.0,-54.0,-450.0
1059,060480,-6.0,54.0,-24.0,120.0
1060,060540,-246.0,864.0,612.0,456.0
1061,060560,246.0,840.0,624.0,858.0
1062,060570,186.0,-84.0,816.0,-456.0
1063,060590,-162.0,102.0,-150.0,18.0
1064,060720,-408.0,654.0,-774.0,-402.0
1065,060900,-18.0,-450.0,-114.0,-516.0
1066,060980,780.0,2742.0,48.0,3156.0
1067,061040,60.0,732.0,720.0,-48.0
1068,061250,-408.0,222.0,432.0,498.0
1069,061970,840.0,5766.0,4110.0,1674.0
1070,062860,-222.0,168.0,138.0,-228.0
1071,062970,-138.0,162.0,480.0,0.0
1072,063080,-12.0,-702.0,-930.0,-1236.0
1073,063160,192.0,1020.0,930.0,1224.0
1074,063170,-720.0,-66.0,-30.0,870.0
1075,063440,-30.0,234.0,162.0,246.0
1076,063570,258.0,3096.0,1188.0,2340.0
1077,063760,42.0,138.0,1032.0,882.0
1078,064090,174.0,-126.0,-606.0,612.0
1079,064240,-930.0,-498.0,-402.0,1116.0
1080,064260,534.0,-1440.0,-1080.0,-4110.0
1081,064290,-54.0,102.0,-342.0,66.0
1082,064350,2136.0,-12054.0,-852.0,13152.0
1083,064480,-84.0,-120.0,252.0,-174.0
1084,064510,-78.0,-234.0,-636.0,150.0
1085,064520,-276.0,6.0,-30.0,-78.0
1086,064550,-96.0,-336.0,-486.0,-234.0
1087,064760,414.0,2172.0,2376.0,2376.0
1088,064800,72.0,-300.0,180.0,1314.0
1089,064820,-12114.0,15066.0,-26826.0,-5298.0
1090,064850,66.0,282.0,120.0,90.0
1091,064960,1068.0,5958.0,5424.0,4218.0
1092,065060,-396.0,-1968.0,-1140.0,300.0
1093,065130,468.0,2898.0,2808.0,1164.0
1094,065150,-72.0,-324.0,-396.0,-408.0
1095,065170,648.0,216.0,-24.0,30.0
1096,065350,156.0,384.0,1098.0,1458.0
1097,065370,-18.0,288.0,90.0,108.0
1098,065420,18.0,-78.0,-30.0,-84.0
1099,065440,24.0,234.0,-30.0,120.0
1100,065450,210.0,594.0,660.0,414.0
1101,065500,-96.0,228.0,-456.0,258.0
1102,065510,-300.0,810.0,504.0,594.0
1103,065530,108.0,1146.0,1134.0,1182.0
1104,065560,12.0,594.0,198.0,552.0
1105,065570,-90.0,270.0,504.0,126.0
1106,065620,0.0,-288.0,-438.0,-318.0
1107,065650,-84.0,-258.0,-54.0,-72.0
1108,065660,-96.0,-96.0,-90.0,24.0
1109,065680,558.0,2370.0,102.0,684.0
1110,065690,144.0,276.0,372.0,-150.0
1111,065710,228.0,36.0,780.0,72.0
1112,065770,-96.0,60.0,84.0,84.0
1113,065950,-252.0,1866.0,-426.0,546.0
1114,066110,282.0,1146.0,-744.0,-288.0
1115,066130,288.0,480.0,162.0,156.0
1116,066310,-72.0,156.0,192.0,186.0
1117,066360,-630.0,-6.0,-36.0,1974.0
1118,066410,78.0,66.0,48.0,60.0
1119,066430,120.0,-954.0,114.0,-24.0
1120,066570,6240.0,221352.0,272496.0,129978.0
1121,066590,294.0,540.0,492.0,564.0
1122,066620,1266.0,354.0,192.0,1062.0
1123,066670,546.0,534.0,1722.0,480.0
1124,066700,264.0,0.0,-1116.0,108.0
1125,066790,96.0,114.0,300.0,282.0
1126,066830,0.0,42.0,-24.0,-54.0
1127,066900,66.0,864.0,2094.0,2136.0
1128,066910,126.0,-180.0,72.0,-30.0
1129,066970,1290.0,-1518.0,-168.0,396.0
1130,066980,618.0,480.0,138.0,-186.0
1131,067000,222.0,168.0,-606.0,378.0
1132,067080,66.0,0.0,630.0,654.0
1133,067160,372.0,3648.0,2328.0,1278.0
1134,067170,-708.0,-4212.0,2070.0,-1014.0
1135,067280,-66.0,1464.0,696.0,1554.0
1136,067290,-18.0,258.0,444.0,-150.0
1137,067310,600.0,4314.0,2694.0,2304.0
1138,067370,0.0,48.0,48.0,-60.0
1139,067390,-1032.0,1284.0,-2160.0,-708.0
1140,067570,174.0,1050.0,1356.0,1284.0
1141,067630,126.0,-744.0,-666.0,-18.0
1142,067730,-60.0,-132.0,252.0,-36.0
1143,067770,36.0,72.0,96.0,18.0
1144,067830,-648.0,1572.0,558.0,1884.0
1145,067900,390.0,1830.0,1032.0,990.0
1146,067920,0.0,504.0,216.0,444.0
1147,067990,2754.0,2094.0,8628.0,-234.0
1148,068050,90.0,-780.0,-168.0,72.0
1149,068240,-1146.0,8358.0,1092.0,-1122.0
1150,068270,3444.0,28440.0,22926.0,29850.0
1151,068290,312.0,2184.0,588.0,354.0
1152,068330,66.0,330.0,294.0,126.0
1153,068400,-5100.0,-3294.0,-1518.0,-2976.0
1154,068760,1158.0,1674.0,858.0,-282.0
1155,068790,246.0,1182.0,-1362.0,882.0
1156,068930,54.0,1752.0,1230.0,708.0
1157,068940,-30.0,12.0,-30.0,-180.0
1158,069080,1122.0,1176.0,4932.0,2262.0
1159,069110,228.0,1692.0,-408.0,72.0
1160,069140,60.0,-144.0,-114.0,18.0
1161,069260,1122.0,6438.0,6996.0,9384.0
1162,069330,-258.0,-420.0,-138.0,-108.0
1163,069410,66.0,18.0,-60.0,240.0
1164,069460,-312.0,120.0,396.0,426.0
1165,069510,-30.0,1392.0,1428.0,774.0
1166,069540,-168.0,1314.0,270.0,-462.0
1167,069620,1128.0,3456.0,2850.0,6234.0
1168,069640,714.0,48.0,1044.0,252.0
1169,069730,228.0,870.0,618.0,228.0
1170,069920,-144.0,48.0,-558.0,-312.0
1171,069960,-6738.0,22650.0,26118.0,26232.0
1172,070300,36.0,30.0,-84.0,90.0
1173,070590,-150.0,282.0,-384.0,744.0
1174,070960,1128.0,1416.0,3150.0,1068.0
1175,071050,-87372.0,-79182.0,-180312.0,-251946.0
1176,071090,378.0,-144.0,786.0,-108.0
1177,071200,108.0,894.0,396.0,462.0
1178,071280,354.0,-162.0,-72.0,348.0
1179,071320,12450.0,11328.0,22944.0,26724.0
1180,071460,-3546.0,2382.0,366.0,1362.0
1181,071670,-54.0,354.0,-84.0,450.0
1182,071840,4380.0,7824.0,4290.0,15102.0
1183,071850,156.0,468.0,546.0,444.0
1184,071950,-18.0,294.0,174.0,-78.0
1185,071970,0.0,-804.0,696.0,444.0
1186,072020,180.0,498.0,342.0,456.0
1187,072130,-6.0,-444.0,186.0,-120.0
1188,072470,156.0,1554.0,840.0,1476.0
1189,072520,90.0,-984.0,-102.0,294.0
1190,072710,-900.0,1104.0,936.0,3528.0
1191,072770,48.0,18.0,6.0,-204.0
1192,072870,378.0,996.0,1386.0,534.0
1193,072950,36.0,438.0,234.0,312.0
1194,072990,126.0,678.0,402.0,282.0
1195,073010,-6.0,-120.0,42.0,96.0
1196,073070,168.0,-372.0,132.0,156.0
1197,073110,1638.0,-348.0,1410.0,2538.0
1198,073190,96.0,-42.0,-96.0,0.0
1199,073240,-1548.0,8790.0,5592.0,3084.0
1200,073490,-150.0,1338.0,108.0,-288.0
1201,073540,96.0,-84.0,-192.0,-288.0
1202,073560,558.0,1494.0,1752.0,1974.0
1203,073570,66.0,-222.0,-714.0,-222.0
1204,073640,18.0,-42.0,-6.0,6.0
1205,074430,-12.0,216.0,276.0,180.0
1206,074600,2076.0,2082.0,1560.0,1110.0
1207,074610,-504.0,-1188.0,-390.0,-1284.0
1208,075130,150.0,198.0,264.0,228.0
1209,075180,216.0,972.0,1914.0,522.0
1210,075580,-240.0,-186.0,1260.0,1446.0
1211,075970,216.0,324.0,378.0,-54.0
1212,076080,-348.0,1578.0,-1158.0,240.0
1213,076340,0.0,600.0,696.0,-264.0
1214,076610,-48.0,-552.0,1494.0,-120.0
1215,077360,114.0,438.0,492.0,78.0
1216,077500,-630.0,-1458.0,732.0,126.0
1217,077970,-762.0,4374.0,-3552.0,3984.0
1218,078000,-102.0,-36.0,498.0,588.0
1219,078020,-10212.0,-32142.0,10866.0,-6288.0
1220,078070,-90.0,1092.0,1224.0,-30.0
1221,078130,24.0,-108.0,-306.0,-198.0
1222,078140,132.0,360.0,528.0,504.0
1223,078150,756.0,570.0,-438.0,2994.0
1224,078160,-234.0,450.0,414.0,-414.0
1225,078340,882.0,7788.0,7716.0,8070.0
1226,078350,-6.0,-582.0,372.0,360.0
1227,078520,-144.0,306.0,-2370.0,240.0
1228,078590,240.0,-258.0,84.0,288.0
1229,078600,162.0,-390.0,156.0,54.0
1230,078650,-234.0,648.0,1152.0,96.0
1231,078860,30.0,270.0,-120.0,-42.0
1232,078890,1194.0,2622.0,-4530.0,-1134.0
1233,078930,35634.0,95184.0,76152.0,78390.0
1234,078940,-156.0,-408.0,-252.0,-90.0
1235,079000,30.0,102.0,306.0,318.0
1236,079160,-4500.0,16998.0,6318.0,11658.0
1237,079170,144.0,-102.0,354.0,-108.0
1238,079190,42.0,276.0,36.0,90.0
1239,079370,366.0,396.0,-510.0,18.0
1240,079430,-510.0,5736.0,408.0,1260.0
1241,079550,6318.0,9060.0,-6840.0,-2184.0
1242,079650,126.0,-90.0,246.0,414.0
1243,079810,-42.0,-66.0,-690.0,426.0
1244,079940,654.0,2220.0,1314.0,1224.0
1245,079950,1668.0,-2790.0,192.0,-258.0
1246,079960,1020.0,1578.0,-1086.0,1488.0
1247,079970,-24.0,24.0,-234.0,-174.0
1248,079980,576.0,-702.0,2520.0,4476.0
1249,080000,792.0,168.0,1254.0,708.0
1250,080010,-114.0,582.0,378.0,198.0
1251,080160,-3732.0,1566.0,2064.0,2292.0
1252,080220,858.0,1602.0,-3012.0,-528.0
1253,080420,-1632.0,1836.0,-150.0,3228.0
1254,080440,-18.0,-396.0,-378.0,-312.0
1255,080470,540.0,366.0,162.0,462.0
1256,080520,90.0,168.0,270.0,408.0
1257,080530,84.0,6.0,-288.0,-408.0
1258,080580,-6.0,360.0,408.0,198.0
1259,080720,72.0,-198.0,-246.0,366.0
1260,081000,-444.0,2418.0,864.0,876.0
1261,081150,-120.0,216.0,198.0,-96.0
1262,081580,114.0,54.0,1578.0,852.0
1263,081660,-1962.0,19146.0,16476.0,1800.0
1264,082210,-504.0,1122.0,1230.0,2310.0
1265,082270,252.0,-42.0,-18.0,-6.0
1266,082640,-4422.0,20052.0,97404.0,175668.0
1267,082660,-114.0,-66.0,-54.0,-234.0
1268,082740,2106.0,-3882.0,1104.0,-4164.0
1269,082800,-42.0,354.0,-276.0,-30.0
1270,082850,1134.0,3948.0,648.0,1662.0
1271,082920,208.0,1056.0,684.0,0.0
1272,083310,996.0,-270.0,1026.0,2346.0
1273,083420,504.0,1326.0,894.0,822.0
1274,083450,690.0,1158.0,138.0,1080.0
1275,083470,-144.0,-150.0,-270.0,-804.0
1276,083500,978.0,234.0,174.0,-324.0
1277,083550,654.0,468.0,132.0,360.0
1278,083640,36.0,-132.0,-6.0,282.0
1279,083650,-426.0,1086.0,1140.0,1494.0
1280,083660,-60.0,-84.0,-282.0,-492.0
1281,083790,-552.0,-426.0,-72.0,96.0
1282,083930,2376.0,1908.0,-1524.0,1866.0
1283,084010,1404.0,1722.0,-996.0,5598.0
1284,084110,1506.0,3930.0,3204.0,2850.0
1285,084180,-138.0,-252.0,-486.0,-480.0
1286,084370,720.0,3126.0,1788.0,-1254.0
1287,084650,114.0,192.0,36.0,-66.0
1288,084670,-768.0,900.0,474.0,918.0
1289,084680,-102.0,1098.0,348.0,498.0
1290,084690,1500.0,11886.0,8562.0,11118.0
1291,084730,-126.0,1224.0,546.0,732.0
1292,084850,1818.0,2478.0,1692.0,900.0
1293,084870,0.0,600.0,-894.0,3072.0
1294,084990,-918.0,-2466.0,-810.0,-156.0
1295,085310,84.0,-324.0,-426.0,354.0
1296,085370,-48.0,-84.0,-450.0,-264.0
1297,085620,-5376.0,22512.0,-19956.0,59376.0
1298,085660,-102.0,1482.0,4524.0,720.0
1299,085670,210.0,684.0,792.0,588.0
1300,085810,30.0,-90.0,486.0,396.0
1301,085910,84.0,192.0,312.0,462.0
1302,086040,72.0,84.0,186.0,360.0
1303,086060,60.0,-162.0,360.0,66.0
1304,086080,0.0,-360.0,-132.0,-198.0
1305,086220,0.0,324.0,402.0,-18.0
1306,086250,-300.0,0.0,0.0,55.0
1307,086280,18546.0,44460.0,29382.0,36390.0
1308,086390,24.0,1296.0,3864.0,1938.0
1309,086450,936.0,4170.0,1992.0,1722.0
1310,086460,0.0,-18.0,0.0,6.0
1311,086520,1836.0,-900.0,738.0,1422.0
1312,086670,-90.0,630.0,-318.0,504.0
1313,086790,-69486.0,391794.0,-325902.0,360714.0
1314,086820,-6.0,-156.0,60.0,-6.0
1315,086890,-198.0,-786.0,-804.0,-414.0
1316,086900,1218.0,2022.0,3306.0,3390.0
1317,086960,456.0,294.0,1230.0,216.0
1318,086980,-600.0,-6.0,-3114.0,150.0
1319,087010,-186.0,-576.0,-252.0,-336.0
1320,087260,492.0,-18.0,510.0,-486.0
1321,087600,-132.0,-96.0,-456.0,-324.0
1322,087730,-414.0,-1188.0,-108.0,-60.0
1323,088130,-366.0,2730.0,-972.0,546.0
1324,088260,165.0,303.0,219.0,0.0
1325,088290,-108.0,192.0,108.0,-96.0
1326,088350,2346.0,60450.0,98574.0,199122.0
1327,088390,-114.0,192.0,-216.0,-186.0
1328,088790,756.0,306.0,120.0,-18.0
1329,088800,-1518.0,-150.0,1296.0,-1950.0
1330,088910,-276.0,420.0,1170.0,1320.0
1331,089010,-450.0,3270.0,72.0,780.0
1332,089030,78.0,1230.0,2370.0,1572.0
1333,089140,18.0,162.0,576.0,306.0
1334,089150,-84.0,30.0,108.0,30.0
1335,089230,-72.0,504.0,264.0,66.0
1336,089470,1032.0,6438.0,492.0,462.0
1337,089530,198.0,996.0,1086.0,984.0
1338,089590,-9474.0,5034.0,7290.0,8676.0
1339,089600,150.0,1944.0,1284.0,882.0
1340,089790,-126.0,510.0,66.0,156.0
1341,089850,-12.0,2076.0,-480.0,96.0
1342,089890,-36.0,462.0,-60.0,672.0
1343,089970,246.0,708.0,1320.0,372.0
1344,089980,12.0,210.0,450.0,1512.0
1345,090080,756.0,-1554.0,-756.0,276.0
1346,090150,30.0,294.0,-270.0,144.0
1347,090350,-528.0,3552.0,840.0,1998.0
1348,090360,-156.0,-858.0,-564.0,324.0
1349,090370,-66.0,-240.0,-414.0,-510.0
1350,090410,-276.0,414.0,1122.0,918.0
1351,090430,3702.0,43098.0,38802.0,30756.0
1352,090460,1278.0,4242.0,9690.0,3540.0
1353,090470,-138.0,-498.0,-2226.0,3762.0
1354,090710,-102.0,102.0,-510.0,324.0
1355,090740,-1014.0,1062.0,552.0,684.0
1356,090850,1854.0,570.0,120.0,288.0
1357,091090,132.0,-1500.0,162.0,1230.0
1358,091120,-402.0,1248.0,1374.0,744.0
1359,091340,210.0,1326.0,1086.0,588.0
1360,091440,414.0,-18.0,-276.0,114.0
1361,091580,162.0,330.0,1512.0,786.0
1362,091590,228.0,-156.0,42.0,-252.0
1363,091700,1422.0,5010.0,5424.0,1380.0
1364,091810,-3474.0,7866.0,1884.0,6546.0
1365,091970,60.0,588.0,138.0,-336.0
1366,091990,2094.0,-9828.0,-11052.0,-11658.0
1367,092040,-84.0,528.0,168.0,714.0
1368,092070,198.0,234.0,486.0,1248.0
1369,092130,96.0,852.0,804.0,714.0
1370,092190,414.0,3900.0,2916.0,2484.0
1371,092200,2844.0,4068.0,2004.0,1668.0
1372,092220,126.0,1056.0,1680.0,744.0
1373,092230,2784.0,5430.0,2604.0,3732.0
1374,092300,-126.0,372.0,570.0,684.0
1375,092460,72.0,-36.0,36.0,228.0
1376,092590,0.0,168.0,48.0,78.0
1377,092600,-330.0,-960.0,-672.0,-588.0
1378,092730,216.0,1152.0,972.0,636.0
1379,092780,-312.0,1590.0,1116.0,1086.0
1380,092870,78.0,84.0,414.0,480.0
1381,093050,-4056.0,9186.0,7482.0,7170.0
1382,093190,30.0,720.0,378.0,372.0
1383,093230,402.0,-402.0,-456.0,-1182.0
1384,093320,384.0,1536.0,756.0,612.0
1385,093370,864.0,1908.0,1842.0,3114.0
1386,093510,0.0,36.0,12.0,-30.0
1387,093520,-396.0,120.0,414.0,630.0
1388,093640,0.0,96.0,-132.0,-222.0
1389,093920,-24.0,2088.0,438.0,912.0
1390,094170,-294.0,-450.0,-252.0,18.0
1391,094280,672.0,1092.0,1224.0,270.0
1392,094360,-12.0,174.0,174.0,-114.0
1393,094480,1584.0,-1806.0,-414.0,-2640.0
1394,094820,162.0,1116.0,870.0,1158.0
1395,094840,0.0,252.0,576.0,270.0
1396,094850,-1044.0,654.0,522.0,1092.0
1397,094860,-24.0,102.0,0.0,-6.0
1398,094940,24.0,120.0,-78.0,60.0
1399,094970,114.0,468.0,2088.0,-222.0
1400,095190,318.0,-186.0,408.0,582.0
1401,095270,-36.0,-678.0,-192.0,132.0
1402,095340,234.0,714.0,990.0,1392.0
1403,095500,-6.0,-234.0,120.0,450.0
1404,095570,-1050.0,-2274.0,-5010.0,-8910.0
1405,095610,2046.0,2160.0,2202.0,0.0
1406,095660,912.0,2220.0,2316.0,546.0
1407,095700,-246.0,-2496.0,-1206.0,-1566.0
1408,095720,-612.0,3102.0,2298.0,3594.0
1409,095910,-630.0,-600.0,234.0,-594.0
1410,096040,-66.0,-642.0,-72.0,54.0
1411,096240,48.0,2826.0,1620.0,1284.0
1412,096350,132.0,-210.0,-630.0,-90.0
1413,096530,756.0,1626.0,840.0,606.0
1414,096610,-78.0,-114.0,186.0,-6.0
1415,096630,-354.0,762.0,1164.0,462.0
1416,096640,66.0,-6.0,-486.0,-396.0
1417,096690,-90.0,-390.0,84.0,594.0
1418,096760,708.0,5922.0,11748.0,630.0
1419,096770,-43692.0,109548.0,101970.0,130812.0
1420,096870,6.0,6.0,54.0,-84.0
1421,097230,-2994.0,9354.0,25212.0,23130.0
1422,097520,-2202.0,6960.0,7530.0,1716.0
1423,097780,-66.0,1362.0,966.0,1020.0
1424,097800,318.0,1272.0,594.0,162.0
1425,097950,-5106.0,128586.0,28284.0,70848.0
1426,098120,-42.0,12.0,-108.0,102.0
1427,098460,306.0,1752.0,1308.0,1194.0
1428,098660,-84.0,-192.0,564.0,252.0
1429,099190,360.0,2280.0,1170.0,1344.0
1430,099220,594.0,462.0,36.0,-354.0
1431,099320,-12.0,1944.0,12.0,666.0
1432,099410,-60.0,-120.0,0.0,48.0
1433,099440,-18.0,-858.0,-630.0,294.0
1434,099520,-24.0,-30.0,30.0,-234.0
1435,100030,-90.0,486.0,192.0,96.0
1436,100090,-456.0,1146.0,-804.0,-984.0
1437,100120,78.0,1122.0,1668.0,1134.0
1438,100130,264.0,822.0,-3066.0,3684.0
1439,100220,1758.0,1614.0,1050.0,876.0
1440,100250,282.0,1308.0,678.0,1782.0
1441,100590,228.0,-114.0,1038.0,78.0
1442,100660,12.0,138.0,108.0,252.0
1443,100700,204.0,810.0,732.0,492.0
1444,100790,-1326.0,-1590.0,-600.0,684.0
1445,100840,1278.0,-2406.0,864.0,-336.0
1446,101000,-18.0,-768.0,-306.0,810.0
1447,101060,-486.0,-162.0,2106.0,318.0
1448,101140,-90.0,-228.0,-102.0,-24.0
1449,101160,438.0,1680.0,732.0,804.0
1450,101170,-240.0,474.0,348.0,402.0
1451,101240,24.0,348.0,336.0,318.0
1452,101330,1194.0,4962.0,1608.0,1626.0
1453,101360,-306.0,336.0,36.0,150.0
1454,101390,240.0,-888.0,1188.0,660.0
1455,101400,-72.0,-306.0,-132.0,-354.0
1456,101490,492.0,522.0,738.0,570.0
1457,101530,894.0,4032.0,3042.0,3294.0
1458,101670,-132.0,-48.0,-6.0,222.0
1459,101680,-48.0,-192.0,-144.0,306.0
1460,101730,-36.0,-444.0,-732.0,-504.0
1461,101930,258.0,396.0,-24.0,390.0
1462,102120,534.0,1056.0,696.0,426.0
1463,102210,276.0,132.0,-162.0,42.0
1464,102260,1014.0,2736.0,2862.0,2832.0
1465,102280,-84.0,-144.0,234.0,162.0
1466,102460,0.0,-732.0,684.0,1008.0
1467,102710,1308.0,3672.0,1842.0,1974.0
1468,102940,312.0,-1212.0,-816.0,-498.0
1469,103140,1320.0,12102.0,4872.0,8250.0
1470,103230,18.0,-144.0,-216.0,-96.0
1471,103590,-72.0,1530.0,-1080.0,270.0
1472,103660,0.0,12.0,168.0,-126.0
1473,103840,228.0,552.0,654.0,390.0
1474,104040,-12.0,144.0,96.0,336.0
1475,104200,-90.0,648.0,240.0,-642.0
1476,104460,444.0,1368.0,516.0,162.0
1477,104480,-1152.0,12.0,1068.0,2400.0
1478,104540,-108.0,234.0,318.0,354.0
1479,104620,-1152.0,384.0,120.0,1014.0
1480,104700,-246.0,858.0,2916.0,5652.0
1481,104830,618.0,2304.0,2472.0,2454.0
1482,105330,-42.0,-90.0,210.0,-84.0
1483,105550,-204.0,-108.0,150.0,246.0
1484,105560,-35208.0,564042.0,-537456.0,-290160.0
1485,105630,2022.0,5274.0,-1284.0,4308.0
1486,105740,120.0,174.0,354.0,186.0
1487,105840,84.0,-54.0,324.0,786.0
1488,106080,-24.0,-42.0,-330.0,318.0
1489,106190,-102.0,150.0,324.0,330.0
1490,106240,-120.0,96.0,60.0,240.0
1491,106520,6.0,60.0,-468.0,-1098.0
1492,107590,666.0,-96.0,540.0,-540.0
1493,107640,0.0,48.0,606.0,-54.0
1494,108230,360.0,-1002.0,-1656.0,10440.0
1495,108320,-600.0,1242.0,1644.0,1950.0
1496,108380,-210.0,318.0,-120.0,2016.0
1497,108490,-54.0,252.0,30.0,-12.0
1498,108670,7578.0,20688.0,8442.0,1644.0
1499,108860,-114.0,258.0,-522.0,54.0
1500,109070,-72.0,-318.0,-630.0,-84.0
1501,109080,54.0,126.0,186.0,156.0
1502,109610,-828.0,366.0,-360.0,18.0
1503,109740,486.0,-312.0,654.0,660.0
1504,109820,36.0,-138.0,-162.0,-120.0
1505,109860,150.0,900.0,600.0,276.0
1506,109960,6.0,60.0,264.0,42.0
1507,110020,-12.0,-78.0,-132.0,-24.0
1508,110790,-138.0,1548.0,1410.0,2088.0
1509,110990,-330.0,150.0,726.0,1158.0
1510,111110,-1266.0,324.0,336.0,-1080.0
1511,111710,18.0,396.0,294.0,390.0
1512,111770,-3558.0,13908.0,11034.0,9546.0
1513,111820,-54.0,330.0,216.0,672.0
1514,111870,-348.0,1086.0,738.0,84.0
1515,112040,-264.0,-2586.0,-2430.0,-528.0
1516,112190,0.0,-66.0,270.0,426.0
1517,112610,-1062.0,5142.0,-1230.0,-186.0
1518,113810,150.0,306.0,-216.0,396.0
1519,114090,792.0,7056.0,5568.0,4704.0
1520,114120,60.0,48.0,-384.0,-126.0
1521,114190,30.0,420.0,-612.0,-222.0
1522,114450,-42.0,252.0,324.0,342.0
1523,114570,12.0,192.0,30.0,-1464.0
1524,114630,-6.0,-438.0,138.0,162.0
1525,114810,660.0,480.0,744.0,-114.0
1526,114920,0.0,108.0,-120.0,300.0
1527,115160,-420.0,4764.0,7614.0,-8982.0
1528,115180,-222.0,-1440.0,-828.0,-756.0
1529,115310,126.0,468.0,510.0,630.0
1530,115390,1242.0,2436.0,3060.0,2106.0
1531,115440,372.0,-312.0,-384.0,420.0
1532,115450,-186.0,-330.0,-210.0,-282.0
1533,115480,108.0,-306.0,186.0,420.0
1534,115500,-24.0,54.0,390.0,54.0
1535,115530,120.0,-54.0,-210.0,12.0
1536,115570,-48.0,-192.0,-30.0,-240.0
1537,115610,-126.0,-36.0,-132.0,-90.0
1538,115960,564.0,2616.0,654.0,1164.0
1539,116100,0.0,84.0,-12.0,84.0
1540,117580,1626.0,2856.0,3012.0,2874.0
1541,117670,36.0,-300.0,-486.0,-564.0
1542,117730,-324.0,-66.0,294.0,102.0
1543,118000,42.0,72.0,-162.0,-762.0
1544,118990,-396.0,1152.0,-834.0,1422.0
1545,119500,132.0,234.0,198.0,210.0
1546,119610,222.0,1410.0,552.0,678.0
1547,119650,-2580.0,3018.0,-408.0,180.0
1548,119830,186.0,612.0,318.0,402.0
1549,119850,-384.0,6.0,576.0,786.0
1550,119860,-876.0,2832.0,996.0,1026.0
1551,120030,192.0,918.0,558.0,966.0
1552,120110,1794.0,7404.0,20472.0,16596.0
1553,120240,84.0,648.0,534.0,534.0
1554,120780,0.0,78.0,138.0,168.0
1555,121060,0.0,-342.0,432.0,126.0
1556,121440,-270.0,342.0,-1212.0,-72.0
1557,121600,300.0,714.0,234.0,576.0
1558,121800,-138.0,-108.0,-36.0,96.0
1559,121850,42.0,-132.0,-204.0,60.0
1560,121890,132.0,-222.0,48.0,-768.0
1561,122310,-6.0,642.0,414.0,270.0
1562,122350,972.0,1950.0,1884.0,1608.0
1563,122450,288.0,3066.0,1518.0,1950.0
1564,122640,240.0,-300.0,306.0,-360.0
1565,122690,-42.0,2796.0,2286.0,4026.0
1566,122870,-516.0,3576.0,1350.0,1314.0
1567,122900,-1506.0,6348.0,1026.0,10320.0
1568,122990,1482.0,2946.0,5244.0,5076.0
1569,123010,-54.0,-204.0,-54.0,-6.0
1570,123040,660.0,9594.0,5268.0,3918.0
1571,123330,-6.0,84.0,-534.0,-246.0
1572,123410,84.0,1596.0,1314.0,1590.0
1573,123420,360.0,270.0,582.0,594.0
1574,123570,336.0,270.0,300.0,366.0
1575,123690,300.0,324.0,-78.0,-492.0
1576,123700,24.0,1206.0,582.0,504.0
1577,123750,-114.0,318.0,72.0,-6.0
1578,123840,6.0,174.0,-234.0,-180.0
1579,123860,-684.0,-990.0,-120.0,1062.0
1580,123890,7092.0,-5412.0,-10116.0,-7098.0
1581,124500,228.0,432.0,468.0,792.0
1582,124560,-198.0,558.0,840.0,150.0
1583,125210,36.0,-180.0,-264.0,576.0
1584,126340,0.0,132.0,204.0,90.0
1585,126560,552.0,4938.0,3792.0,5232.0
1586,126600,588.0,1074.0,-552.0,252.0
1587,126640,222.0,654.0,528.0,516.0
1588,126700,660.0,-864.0,1122.0,1632.0
1589,126870,-246.0,102.0,-414.0,-342.0
1590,126880,252.0,672.0,912.0,-516.0
1591,127120,18.0,-78.0,-96.0,-150.0
1592,127160,168.0,354.0,-36.0,642.0
1593,127710,-90.0,-414.0,282.0,324.0
1594,128540,-204.0,228.0,384.0,108.0
1595,128660,126.0,336.0,594.0,-150.0
1596,128820,12.0,-1410.0,-3054.0,612.0
1597,128940,1830.0,744.0,1560.0,-3774.0
1598,129260,150.0,1230.0,-714.0,1686.0
1599,130500,-30.0,192.0,54.0,294.0
1600,130580,78.0,804.0,684.0,474.0
1601,130660,-318.0,618.0,582.0,450.0
1602,130740,48.0,384.0,84.0,162.0
1603,131030,246.0,1008.0,900.0,1098.0
1604,131090,-18.0,390.0,162.0,282.0
1605,131100,-92.0,-412.0,-128.0,0.0
1606,131180,60.0,360.0,192.0,300.0
1607,131220,-60.0,144.0,228.0,276.0
1608,131290,1260.0,612.0,1686.0,1542.0
1609,131370,-174.0,336.0,-30.0,156.0
1610,131390,1086.0,-990.0,474.0,120.0
1611,131400,24.0,216.0,522.0,666.0
1612,131760,-48.0,-342.0,762.0,378.0
1613,131970,408.0,2616.0,1944.0,1314.0
1614,133750,312.0,582.0,900.0,456.0
1615,133820,144.0,726.0,-780.0,876.0
1616,134060,-66.0,186.0,114.0,102.0
1617,134380,900.0,1278.0,798.0,864.0
1618,134580,90.0,0.0,-396.0,-270.0
1619,134790,78.0,1056.0,408.0,-48.0
1620,135160,0.0,318.0,-210.0,96.0
1621,136480,258.0,-498.0,-810.0,570.0
1622,136490,-54.0,942.0,-1566.0,3876.0
1623,136510,66.0,-516.0,-120.0,114.0
1624,136540,-66.0,1032.0,120.0,984.0
1625,136660,0.0,-336.0,336.0,546.0
1626,137400,528.0,264.0,-858.0,-738.0
1627,137940,162.0,-390.0,66.0,-114.0
1628,137950,-1116.0,162.0,822.0,-192.0
1629,138040,-131208.0,-279390.0,-197754.0,-83190.0
1630,138070,150.0,342.0,432.0,270.0
1631,138080,468.0,2562.0,66.0,246.0
1632,138250,774.0,-396.0,1788.0,3636.0
1633,138360,-120.0,66.0,-312.0,-474.0
1634,138490,420.0,-138.0,2058.0,2574.0
1635,138580,300.0,300.0,234.0,0.0
1636,138610,90.0,-54.0,-138.0,36.0
1637,138690,-432.0,-1110.0,1134.0,-1626.0
1638,138930,-24990.0,-29316.0,21264.0,91818.0
1639,139050,36.0,258.0,-96.0,-90.0
1640,139130,-138462.0,-57534.0,23910.0,96.0
1641,139480,16956.0,48948.0,46188.0,53892.0
1642,139670,-12.0,48.0,-186.0,-186.0
1643,140070,492.0,252.0,630.0,-948.0
1644,140290,0.0,0.0,0.0,0.0
1645,140410,-198.0,-1254.0,-1302.0,-792.0
1646,140520,426.0,558.0,1518.0,-618.0
1647,140610,0.0,-252.0,-186.0,-282.0
1648,140660,0.0,90.0,66.0,24.0
1649,140670,-192.0,468.0,-30.0,-300.0
1650,140860,78.0,96.0,234.0,162.0
1651,140910,-486.0,-54.0,726.0,-2880.0
1652,141000,132.0,-486.0,1776.0,678.0
1653,141020,-1332.0,-504.0,-1638.0,-642.0
1654,141070,36.0,-522.0,708.0,-54.0
1655,141080,-432.0,1602.0,-672.0,-408.0
1656,142210,-66.0,288.0,90.0,-468.0
1657,142280,-30.0,-246.0,-30.0,186.0
1658,142760,534.0,-132.0,-528.0,-510.0
1659,143160,-360.0,816.0,-318.0,132.0
1660,143210,-1704.0,2352.0,1170.0,1698.0
1661,143240,300.0,1758.0,582.0,954.0
1662,143540,1056.0,-1284.0,114.0,18.0
1663,144510,-78.0,12.0,30.0,174.0
1664,144620,0.0,-1128.0,-642.0,-42.0
1665,144960,336.0,276.0,402.0,1812.0
1666,145020,54.0,4620.0,3948.0,3852.0
1667,145210,12.0,-96.0,906.0,0.0
1668,145270,-120.0,-78.0,-2850.0,-588.0
1669,145720,-402.0,-696.0,-36.0,1302.0
1670,145990,1572.0,10038.0,4104.0,-3006.0
1671,147760,90.0,162.0,378.0,54.0
1672,147830,12.0,228.0,78.0,-90.0
1673,148140,-762.0,444.0,-780.0,-672.0
1674,148150,456.0,1446.0,1848.0,480.0
1675,148250,0.0,222.0,258.0,48.0
1676,148780,0.0,30.0,0.0,60.0
1677,149010,0.0,84.0,54.0,90.0
1678,149300,0.0,-24.0,-186.0,-258.0
1679,149950,0.0,972.0,612.0,1914.0
1680,149980,48.0,258.0,-90.0,84.0
1681,150440,0.0,-324.0,210.0,-204.0
1682,150840,-108.0,-174.0,-288.0,84.0
1683,150900,-120.0,342.0,-120.0,-36.0
1684,151860,528.0,588.0,888.0,1206.0
1685,151910,24.0,-474.0,-870.0,-1458.0
1686,152330,330.0,4272.0,3510.0,6162.0
1687,153360,120.0,234.0,144.0,186.0
1688,153460,-60.0,-120.0,-54.0,-414.0
1689,153490,492.0,624.0,456.0,516.0
1690,153710,-36.0,24.0,72.0,18.0
1691,154040,-18.0,480.0,186.0,-60.0
1692,155650,612.0,-660.0,-480.0,3306.0
1693,155660,198.0,828.0,276.0,384.0
1694,155900,102.0,318.0,276.0,336.0
1695,156100,90.0,0.0,-624.0,-294.0
1696,158300,0.0,192.0,222.0,-276.0
1697,158310,-18.0,-1452.0,-594.0,-36.0
1698,158430,42.0,126.0,228.0,108.0
1699,159580,-36.0,672.0,252.0,216.0
1700,159910,18.0,-216.0,-144.0,-294.0
1701,160550,354.0,-1452.0,1062.0,-1290.0
1702,160600,30.0,-935.0,355.0,-60.0
1703,160980,504.0,42.0,1260.0,456.0
1704,161000,-396.0,3018.0,2784.0,1872.0
1705,161390,6138.0,45618.0,67410.0,51102.0
1706,161570,-30.0,-84.0,-102.0,-246.0
1707,161580,-1128.0,-504.0,-2898.0,1152.0
1708,161890,300.0,9888.0,3768.0,324.0
1709,162120,0.0,-120.0,-126.0,174.0
1710,163430,0.0,108.0,24.0,-6.0
1711,163560,270.0,618.0,564.0,324.0
1712,166090,696.0,2418.0,2658.0,1860.0
1713,166480,60.0,-30.0,-66.0,-378.0
1714,168330,-90.0,-354.0,-492.0,-450.0
1715,169330,47.0,0.0,0.0,0.0
1716,170030,120.0,444.0,108.0,936.0
1717,170790,54.0,492.0,54.0,120.0
1718,170900,978.0,3378.0,3006.0,3072.0
1719,170920,-84.0,288.0,774.0,270.0
1720,171010,234.0,258.0,144.0,114.0
1721,171090,120.0,30.0,636.0,1098.0
1722,171120,510.0,420.0,312.0,534.0
1723,172580,36.0,300.0,108.0,180.0
1724,173130,-1254.0,-54.0,120.0,138.0
1725,173940,-174.0,54.0,-624.0,420.0
1726,174880,-234.0,414.0,642.0,426.0
1727,174900,-138.0,-24.0,222.0,-66.0
1728,175140,198.0,-426.0,24.0,-168.0
1729,175250,-258.0,-354.0,-438.0,66.0
1730,175330,378.0,906.0,25926.0,66540.0
1731,176440,576.0,306.0,678.0,-360.0
1732,176750,0.0,-18.0,36.0,150.0
1733,177350,210.0,-468.0,-522.0,870.0
1734,177830,132.0,162.0,-162.0,486.0
1735,178320,-1176.0,-1110.0,4230.0,-480.0
1736,178780,-180.0,-708.0,-90.0,150.0
1737,178920,150.0,2286.0,1074.0,4182.0
1738,179290,42.0,186.0,120.0,60.0
1739,179530,0.0,-6.0,6.0,30.0
1740,179720,0.0,-18.0,-12.0,-30.0
1741,179900,-126.0,756.0,576.0,426.0
1742,180060,0.0,-174.0,1650.0,426.0
1743,180400,-96.0,-246.0,-504.0,-126.0
1744,180640,-6420.0,7836.0,4692.0,9864.0
1745,181340,-18.0,504.0,-528.0,-42.0
1746,181710,-288.0,6462.0,2286.0,-2610.0
1747,182360,18.0,-24.0,444.0,120.0
1748,182400,-408.0,-1092.0,-750.0,-918.0
1749,182690,-42.0,72.0,-252.0,-270.0
1750,183190,-384.0,6570.0,5358.0,3408.0
1751,183300,864.0,2334.0,1788.0,1620.0
1752,183410,0.0,-120.0,-72.0,-84.0
1753,183490,-192.0,-906.0,-810.0,-312.0
1754,184230,-108.0,-84.0,-36.0,-312.0
1755,185490,-186.0,-498.0,-450.0,-408.0
1756,185750,1020.0,4638.0,2556.0,4902.0
1757,186230,-156.0,-126.0,-192.0,120.0
1758,187220,-78.0,660.0,372.0,444.0
1759,187270,18.0,72.0,480.0,558.0
1760,187420,24.0,-12.0,96.0,84.0
1761,187790,312.0,222.0,228.0,-90.0
1762,187870,-1068.0,1272.0,414.0,-450.0
1763,189300,252.0,1284.0,792.0,-162.0
1764,189330,0.0,72.0,-30.0,6.0
1765,189350,0.0,30.0,-132.0,48.0
1766,189860,84.0,168.0,330.0,-30.0
1767,189980,-180.0,588.0,258.0,336.0
1768,190510,-1086.0,624.0,1560.0,-2598.0
1769,191410,-252.0,-180.0,-18.0,480.0
1770,191420,0.0,0.0,48.0,174.0
1771,191600,0.0,186.0,12.0,-114.0
1772,192080,2172.0,9864.0,9378.0,4944.0
1773,192250,90.0,348.0,384.0,288.0
1774,192390,192.0,1278.0,-1062.0,0.0
1775,192400,1332.0,2352.0,4386.0,-1806.0
1776,192410,-402.0,330.0,-270.0,-438.0
1777,192440,870.0,1956.0,2280.0,2154.0
1778,192650,216.0,2658.0,3726.0,1416.0
1779,192820,-822.0,4476.0,-3276.0,-396.0
1780,193250,-24.0,294.0,-180.0,-84.0
1781,194370,-72.0,1242.0,396.0,-24.0
1782,194480,-108.0,-162.0,468.0,-516.0
1783,194510,342.0,1434.0,-1026.0,-318.0
1784,194700,630.0,-78.0,444.0,636.0
1785,195440,84.0,-594.0,264.0,-420.0
1786,195500,36.0,498.0,90.0,372.0
1787,195870,348.0,2010.0,2208.0,1422.0
1788,195990,-144.0,162.0,150.0,-2052.0
1789,196170,-90.0,546.0,-546.0,-258.0
1790,196300,-54.0,-42.0,-120.0,72.0
1791,196450,402.0,1038.0,-342.0,-450.0
1792,196490,-288.0,1284.0,48.0,-144.0
1793,196700,-12.0,96.0,18.0,-36.0
1794,197140,-18.0,132.0,174.0,204.0
1795,198080,162.0,1158.0,1140.0,588.0
1796,198440,-72.0,174.0,102.0,192.0
1797,199150,0.0,90.0,-78.0,18.0
1798,199290,0.0,-138.0,-312.0,30.0
1799,199800,0.0,-600.0,-378.0,-108.0
1800,200130,612.0,4692.0,1320.0,3198.0
1801,200230,132.0,300.0,-552.0,-594.0
1802,200350,0.0,-258.0,36.0,-108.0
1803,200470,282.0,966.0,1740.0,426.0
1804,200580,0.0,288.0,108.0,-66.0
1805,200670,156.0,828.0,1428.0,528.0
1806,200710,-1002.0,1074.0,-504.0,174.0
1807,200780,6.0,798.0,318.0,474.0
1808,200880,2154.0,11496.0,-1812.0,8454.0
1809,201490,-186.0,2862.0,1818.0,132.0
1810,202960,0.0,96.0,138.0,138.0
1811,203400,0.0,-372.0,-396.0,-528.0
1812,203450,-36.0,258.0,198.0,108.0
1813,203650,120.0,138.0,192.0,-36.0
1814,203690,-42.0,-24.0,-138.0,-198.0
1815,204020,-102.0,324.0,-330.0,0.0
1816,204210,-12.0,456.0,96.0,102.0
1817,204270,492.0,9786.0,2298.0,270.0
1818,204320,5094.0,16350.0,17214.0,16614.0
1819,204620,630.0,558.0,36.0,126.0
1820,204630,-378.0,-42.0,-162.0,-552.0
1821,204840,-132.0,-66.0,-228.0,-228.0
1822,204990,-186.0,-294.0,-240.0,-936.0
1823,205100,60.0,456.0,420.0,384.0
1824,205470,-24.0,48.0,-42.0,-180.0
1825,205500,-18.0,-582.0,-798.0,-90.0
1826,206400,-126.0,120.0,-774.0,-672.0
1827,206560,36.0,492.0,714.0,-828.0
1828,206640,396.0,1032.0,318.0,54.0
1829,206650,-150.0,774.0,174.0,-156.0
1830,206950,0.0,-366.0,-12.0,132.0
1831,207490,0.0,162.0,-108.0,126.0
1832,207760,210.0,1038.0,378.0,198.0
1833,207940,612.0,-1980.0,8988.0,0.0
1834,208140,-120.0,102.0,708.0,1182.0
1835,208340,-300.0,-432.0,-354.0,-126.0
1836,208350,210.0,342.0,342.0,384.0
1837,208370,18.0,222.0,-414.0,-258.0
1838,208640,-138.0,-708.0,-1404.0,-522.0
1839,208710,-498.0,1482.0,36.0,510.0
1840,208850,0.0,84.0,48.0,0.0
1841,208860,96.0,-180.0,12.0,-60.0
1842,208890,0.0,174.0,156.0,156.0
1843,210120,0.0,-156.0,-246.0,-456.0
1844,210540,6.0,3000.0,1410.0,648.0
1845,210980,-9852.0,16626.0,-8070.0,-9450.0
1846,211050,0.0,690.0,342.0,264.0
1847,211270,0.0,426.0,-66.0,426.0
1848,212310,0.0,-36.0,-96.0,-102.0
1849,212560,666.0,840.0,1290.0,900.0
1850,213090,-78.0,540.0,414.0,204.0
1851,213420,462.0,1332.0,492.0,1182.0
1852,213500,-2322.0,11964.0,7446.0,6270.0
1853,214150,516.0,2340.0,960.0,516.0
1854,214180,636.0,1572.0,1578.0,3264.0
1855,214260,-48.0,-168.0,-42.0,-96.0
1856,214270,-216.0,528.0,168.0,-84.0
1857,214310,-42.0,150.0,-48.0,672.0
1858,214320,-222.0,8184.0,270.0,6930.0
1859,214330,492.0,432.0,90.0,852.0
1860,214370,-438.0,4182.0,-408.0,2874.0
1861,214390,342.0,1422.0,-66.0,1548.0
1862,214420,-210.0,108.0,-834.0,-114.0
1863,214430,120.0,54.0,912.0,642.0
1864,214450,138.0,1158.0,312.0,516.0
1865,214610,-624.0,-408.0,-174.0,0.0
1866,214680,-246.0,216.0,180.0,-168.0
1867,214870,-1764.0,-1986.0,-294.0,-204.0
1868,215000,1458.0,2370.0,1974.0,4824.0
1869,215050,0.0,-24.0,12.0,36.0
1870,215090,-12.0,-198.0,66.0,-72.0
1871,215100,-126.0,42.0,174.0,-66.0
1872,215200,3702.0,5508.0,2832.0,0.0
1873,215360,108.0,1158.0,888.0,1140.0
1874,215380,-426.0,12.0,-30.0,-144.0
1875,215480,-60.0,114.0,-234.0,-96.0
1876,215570,0.0,-30.0,-42.0,-6.0
1877,215600,-150.0,-390.0,-2904.0,2028.0
1878,215790,48.0,-30.0,-228.0,240.0
1879,216050,618.0,144.0,-48.0,234.0
1880,216080,-180.0,-486.0,-354.0,-96.0
1881,216280,0.0,-12.0,-660.0,0.0
1882,216400,0.0,324.0,54.0,132.0
1883,217190,-162.0,324.0,-222.0,-102.0
1884,217270,-150.0,-354.0,-804.0,-300.0
1885,217320,0.0,78.0,90.0,66.0
1886,217330,-54.0,-204.0,-168.0,-132.0
1887,217480,-24.0,402.0,-1194.0,-426.0
1888,217500,198.0,-36.0,120.0,-18.0
1889,217600,36.0,270.0,300.0,-60.0
1890,217620,-270.0,630.0,132.0,162.0
1891,217730,-282.0,-798.0,-690.0,-636.0
1892,217820,168.0,90.0,468.0,-90.0
1893,217880,0.0,-36.0,-78.0,72.0
1894,217910,0.0,0.0,0.0,0.0
1895,217950,0.0,-126.0,-348.0,-270.0
1896,218150,-78.0,216.0,-30.0,252.0
1897,218410,144.0,1626.0,2886.0,312.0
1898,219130,138.0,204.0,252.0,336.0
1899,219420,36.0,30.0,162.0,162.0
1900,219550,72.0,-294.0,90.0,336.0
1901,219750,-216.0,-258.0,-234.0,-78.0
1902,220100,-192.0,-162.0,-198.0,-168.0
1903,220180,36.0,276.0,-708.0,108.0
1904,220260,42.0,270.0,276.0,252.0
1905,220630,-1248.0,1494.0,996.0,-384.0
1906,221610,-78.0,156.0,-318.0,150.0
1907,221800,0.0,-48.0,30.0,-102.0
1908,221840,126.0,408.0,48.0,114.0
1909,221980,162.0,510.0,330.0,384.0
1910,222040,-84.0,-810.0,-402.0,288.0
1911,222080,990.0,1410.0,-1518.0,-588.0
1912,222110,-102.0,-222.0,-336.0,-42.0
1913,222420,24.0,54.0,36.0,18.0
1914,222670,0.0,-90.0,-90.0,-102.0
1915,222800,1698.0,-1896.0,5430.0,7980.0
1916,222810,-132.0,114.0,-222.0,-66.0
1917,222980,-60.0,264.0,78.0,150.0
1918,223220,0.0,-12.0,-48.0,-216.0
1919,223250,0.0,258.0,294.0,102.0
1920,223310,-138.0,18.0,-660.0,-660.0
1921,224020,0.0,30.0,72.0,48.0
1922,224060,-102.0,-138.0,84.0,-42.0
1923,224110,-540.0,1332.0,522.0,1134.0
1924,224760,0.0,-162.0,90.0,480.0
1925,224810,0.0,90.0,264.0,210.0
1926,224880,0.0,-24.0,60.0,-138.0
1927,225190,246.0,708.0,876.0,1188.0
1928,225220,30.0,-6.0,12.0,42.0
1929,225330,138.0,1422.0,684.0,552.0
1930,225430,27.0,-21.0,36.0,0.0
1931,225530,96.0,762.0,318.0,828.0
1932,225570,378.0,-684.0,-624.0,540.0
1933,225590,90.0,444.0,330.0,18.0
1934,225850,0.0,-144.0,-384.0,-270.0
1935,225860,0.0,114.0,-126.0,-36.0
1936,226320,24.0,1188.0,234.0,1710.0
1937,226330,-72.0,762.0,-144.0,-150.0
1938,226340,270.0,600.0,-336.0,180.0
1939,226350,-48.0,-564.0,-120.0,-270.0
1940,226360,-6.0,156.0,150.0,492.0
1941,226400,0.0,-150.0,18.0,-48.0
1942,226440,-66.0,-54.0,54.0,552.0
1943,226950,-246.0,-642.0,-504.0,-288.0
1944,227100,78.0,-330.0,-162.0,-198.0
1945,227420,0.0,-72.0,-48.0,-264.0
1946,227610,-144.0,-108.0,-288.0,-492.0
1947,227840,-1092.0,-48.0,-6.0,558.0
1948,227950,-48.0,-92.0,128.0,0.0
1949,228180,0.0,-54.0,-306.0,-114.0
1950,228340,282.0,-708.0,372.0,1368.0
1951,228670,-222.0,360.0,258.0,66.0
1952,228760,-36.0,-528.0,-126.0,-108.0
1953,228850,756.0,570.0,882.0,1236.0
1954,229000,-168.0,-312.0,-306.0,-318.0
1955,229500,0.0,-702.0,-570.0,-312.0
1956,229640,168.0,-1368.0,1236.0,-444.0
1957,230240,216.0,774.0,-198.0,-108.0
1958,230360,48.0,1278.0,870.0,432.0
1959,230980,-108.0,-78.0,270.0,48.0
1960,232140,666.0,-174.0,2658.0,174.0
1961,232530,0.0,156.0,-366.0,-150.0
1962,232680,0.0,-18.0,240.0,-168.0
1963,232830,0.0,36.0,-24.0,-6.0
1964,233250,0.0,72.0,42.0,54.0
1965,233990,0.0,42.0,-12.0,0.0
1966,234070,0.0,990.0,786.0,1548.0
1967,234080,462.0,1458.0,2166.0,1326.0
1968,234100,54.0,330.0,-240.0,-30.0
1969,234300,42.0,450.0,-576.0,270.0
1970,234340,390.0,702.0,714.0,2490.0
1971,234690,-72.0,324.0,324.0,246.0
1972,234920,-90.0,-594.0,-390.0,444.0
1973,235980,-210.0,-912.0,-486.0,-162.0
1974,236030,0.0,30.0,84.0,156.0
1975,236200,48.0,1608.0,894.0,666.0
1976,236340,0.0,-120.0,-90.0,-84.0
1977,237690,24.0,-1830.0,648.0,3264.0
1978,237750,30.0,270.0,-60.0,276.0
1979,237820,-264.0,300.0,114.0,96.0
1980,237880,1044.0,2388.0,3732.0,-1380.0
1981,238090,642.0,1626.0,354.0,300.0
1982,238120,-24.0,42.0,-102.0,-54.0
1983,238170,0.0,318.0,-240.0,150.0
1984,238200,24.0,156.0,288.0,234.0
1985,238490,366.0,-96.0,-366.0,636.0
1986,238500,0.0,-12.0,-36.0,-54.0
1987,239340,30.0,174.0,360.0,72.0
1988,239610,252.0,1284.0,780.0,348.0
1989,239890,0.0,-18.0,-156.0,0.0
1990,240340,0.0,-30.0,-30.0,-162.0
1991,240810,5286.0,-972.0,2796.0,5784.0
1992,241510,0.0,12.0,-78.0,54.0
1993,241520,30.0,138.0,-606.0,-330.0
1994,241560,-2100.0,29142.0,36996.0,22596.0
1995,241590,1542.0,4158.0,2574.0,1932.0
1996,241690,198.0,414.0,444.0,348.0
1997,241710,-6.0,1164.0,648.0,624.0
1998,241770,120.0,894.0,1482.0,2304.0
1999,241790,234.0,66.0,1758.0,138.0
2000,241820,-312.0,-306.0,-354.0,-216.0
2001,241840,384.0,-474.0,36.0,-168.0
2002,242040,348.0,-96.0,-384.0,-36.0
2003,242350,0.0,-66.0,-6.0,-54.0
2004,243070,906.0,2526.0,1254.0,1812.0
2005,243840,624.0,1218.0,306.0,576.0
2006,243870,0.0,-48.0,-138.0,144.0
2007,244460,-276.0,-1008.0,-930.0,-696.0
2008,244880,0.0,204.0,138.0,150.0
2009,245450,0.0,114.0,18.0,42.0
2010,245620,-138.0,-564.0,-360.0,-240.0
2011,246250,0.0,120.0,-12.0,42.0
2012,246690,0.0,96.0,204.0,-48.0
2013,246710,-48.0,-312.0,-342.0,-222.0
2014,246720,-78.0,-300.0,-276.0,-516.0
2015,246960,-48.0,-198.0,-132.0,-138.0
2016,247540,1338.0,768.0,1428.0,702.0
2017,248170,264.0,2550.0,1584.0,2010.0
2018,249420,300.0,2484.0,3996.0,4422.0
2019,250000,18.0,126.0,120.0,384.0
2020,250030,36.0,114.0,198.0,180.0
2021,250060,6.0,-36.0,-18.0,-48.0
2022,250930,174.0,300.0,210.0,-132.0
2023,251270,-2046.0,22878.0,14118.0,30204.0
2024,251280,0.0,-228.0,-60.0,-54.0
2025,251370,300.0,822.0,1056.0,492.0
2026,251630,270.0,228.0,534.0,942.0
2027,251960,0.0,-6.0,-84.0,-12.0
2028,251970,108.0,1506.0,1098.0,1266.0
2029,252500,162.0,150.0,-168.0,54.0
2030,253450,-1176.0,-732.0,-1746.0,-432.0
2031,253590,162.0,-294.0,672.0,156.0
2032,253840,-48.0,-234.0,-186.0,-126.0
2033,254120,-66.0,12.0,24.0,18.0
2034,255220,-468.0,-552.0,-1476.0,636.0
2035,255440,-204.0,1806.0,1914.0,726.0
2036,256150,84.0,318.0,168.0,120.0
2037,256630,54.0,468.0,966.0,834.0
2038,256840,-36.0,228.0,114.0,342.0
2039,256940,-234.0,-42.0,144.0,390.0
2040,257370,6.0,90.0,-792.0,510.0
2041,258050,0.0,-96.0,-78.0,-72.0
2042,258250,0.0,-30.0,-12.0,18.0
2043,258540,0.0,-216.0,-150.0,-198.0
2044,258610,-942.0,6.0,162.0,-432.0
2045,258790,-18.0,366.0,36.0,156.0
2046,258830,24.0,270.0,108.0,258.0
2047,259630,258.0,-936.0,-306.0,-528.0
2048,260660,60.0,786.0,-138.0,528.0
2049,260870,0.0,-348.0,294.0,1134.0
2050,260930,222.0,1842.0,-1008.0,1332.0
2051,260970,0.0,462.0,348.0,120.0
2052,261200,-168.0,276.0,-36.0,-186.0
2053,262260,786.0,546.0,198.0,120.0
2054,263020,-108.0,108.0,150.0,234.0
2055,263050,-396.0,-810.0,-612.0,-324.0
2056,263540,0.0,-30.0,-246.0,-402.0
2057,263600,342.0,1122.0,-336.0,786.0
2058,263690,156.0,180.0,180.0,144.0
2059,263700,270.0,216.0,174.0,0.0
2060,263720,150.0,300.0,264.0,210.0
2061,263750,2192.0,6736.0,6372.0,0.0
2062,263770,264.0,570.0,-438.0,636.0
2063,263800,-372.0,480.0,-156.0,-192.0
2064,263810,168.0,60.0,-264.0,222.0
2065,263860,42.0,108.0,186.0,138.0
2066,263920,198.0,-504.0,240.0,-186.0
2067,264450,-96.0,1176.0,948.0,780.0
2068,264660,-222.0,1572.0,198.0,-54.0
2069,264850,102.0,78.0,234.0,0.0
2070,264900,630.0,2070.0,1554.0,2604.0
2071,265520,510.0,1086.0,-2952.0,3342.0
2072,265560,-114.0,102.0,426.0,444.0
2073,266170,0.0,-78.0,36.0,-36.0
2074,266470,-60.0,-174.0,-216.0,-210.0
2075,266870,0.0,66.0,30.0,48.0
2076,267060,0.0,-180.0,-318.0,-108.0
2077,267250,-31152.0,72336.0,40086.0,48900.0
2078,267260,606.0,3450.0,-240.0,-264.0
2079,267270,3432.0,9318.0,-3576.0,450.0
2080,267290,828.0,2040.0,7242.0,1164.0
2081,267320,-6.0,150.0,90.0,-204.0
2082,267790,-408.0,438.0,114.0,240.0
2083,267810,0.0,-72.0,96.0,24.0
2084,267850,222.0,-102.0,1056.0,714.0
2085,267980,294.0,5484.0,3690.0,5850.0
2086,268280,804.0,4134.0,1290.0,1980.0
2087,268600,-156.0,-696.0,-156.0,-30.0
2088,269620,66.0,234.0,54.0,456.0
2089,270020,0.0,96.0,60.0,90.0
2090,270210,0.0,-30.0,-48.0,-66.0
2091,270520,-246.0,-258.0,42.0,150.0
2092,270660,0.0,180.0,18.0,-66.0
2093,270870,360.0,450.0,474.0,246.0
2094,271560,5982.0,20868.0,24036.0,11592.0
2095,271780,0.0,0.0,42.0,48.0
2096,271850,0.0,-60.0,-24.0,6.0
2097,271980,-204.0,1740.0,1290.0,-252.0
2098,272110,36.0,228.0,-486.0,162.0
2099,272210,-1206.0,24516.0,6780.0,6168.0
2100,272290,516.0,2664.0,3084.0,1344.0
2101,272450,-6492.0,3876.0,3282.0,7482.0
2102,272550,-138.0,3708.0,2550.0,3246.0
2103,273060,216.0,210.0,234.0,0.0
2104,274090,-108.0,-204.0,-432.0,-78.0
2105,275630,72.0,150.0,6.0,72.0
2106,276240,0.0,-30.0,-48.0,-12.0
2107,277070,-24.0,-282.0,-1062.0,18.0
2108,277410,72.0,228.0,168.0,264.0
2109,277480,0.0,6.0,6.0,0.0
2110,277880,-126.0,30.0,0.0,6.0
2111,278280,456.0,1362.0,1332.0,858.0
2112,278380,0.0,156.0,102.0,66.0
2113,278650,72.0,312.0,210.0,72.0
2114,278990,0.0,192.0,-282.0,-90.0
2115,279060,0.0,-90.0,-54.0,-18.0
2116,279600,-108.0,-42.0,42.0,48.0
2117,280360,2448.0,11460.0,11082.0,1860.0
2118,281310,0.0,-60.0,-54.0,-48.0
2119,281740,-162.0,-12.0,138.0,474.0
2120,281820,558.0,2430.0,3390.0,426.0
2121,282330,2880.0,31968.0,20748.0,-1500.0
2122,282690,210.0,1320.0,1350.0,138.0
2123,282880,744.0,510.0,-180.0,216.0
2124,284420,0.0,396.0,-210.0,198.0
2125,284610,0.0,276.0,102.0,-36.0
2126,284620,0.0,-414.0,-318.0,-240.0
2127,284740,540.0,486.0,-1998.0,312.0
2128,285130,-1836.0,7326.0,4044.0,-642.0
2129,285490,138.0,312.0,378.0,504.0
2130,285770,0.0,-90.0,-168.0,-108.0
2131,286750,-42.0,-84.0,-24.0,-48.0
2132,286940,-3552.0,7044.0,6438.0,-612.0
2133,287410,0.0,6.0,-6.0,0.0
2134,288330,-12.0,-462.0,-864.0,-468.0
2135,288490,0.0,-72.0,48.0,-18.0
2136,288620,-36.0,-1182.0,114.0,-78.0
2137,289010,-30.0,510.0,456.0,510.0
2138,290120,348.0,-288.0,948.0,276.0
2139,290270,-24.0,180.0,96.0,120.0
2140,290380,-288.0,360.0,258.0,420.0
2141,290510,-528.0,1530.0,-300.0,96.0
2142,290520,-48.0,894.0,54.0,630.0
2143,290550,420.0,576.0,18.0,1038.0
2144,290650,72.0,384.0,228.0,228.0
2145,290660,-228.0,-834.0,-492.0,-432.0
2146,290670,-18.0,102.0,204.0,228.0
2147,290720,180.0,276.0,252.0,0.0
2148,290740,-246.0,1374.0,1068.0,1404.0
2149,291210,0.0,6.0,0.0,0.0
2150,291230,0.0,12.0,0.0,0.0
2151,293480,426.0,1902.0,1656.0,1524.0
2152,293580,-204.0,342.0,-144.0,-120.0
2153,293780,-48.0,-360.0,-102.0,-108.0
2154,293940,86.0,0.0,0.0,0.0
2155,294140,-192.0,-660.0,144.0,288.0
2156,294630,-168.0,-150.0,-102.0,0.0
2157,294870,14148.0,-7200.0,27276.0,0.0
2158,297090,-906.0,510.0,138.0,390.0
2159,297570,204.0,-66.0,-162.0,-66.0
2160,297890,198.0,612.0,636.0,660.0
2161,298000,-1386.0,9792.0,4608.0,0.0
2162,298020,8754.0,20970.0,6942.0,0.0
2163,298040,5736.0,4512.0,156.0,0.0
2164,298050,2418.0,7620.0,5460.0,0.0
2165,298060,-156.0,-504.0,-396.0,-300.0
2166,298380,-708.0,-1434.0,-762.0,-426.0
2167,298540,-60.0,492.0,1332.0,234.0
2168,298690,-2496.0,6750.0,1500.0,3984.0
2169,299170,12.0,0.0,0.0,0.0
2170,299480,0.0,-42.0,-120.0,204.0
2171,299660,-54.0,-114.0,-120.0,-84.0
2172,299670,0.0,156.0,192.0,156.0
2173,299900,-324.0,24.0,252.0,-18.0
2174,299910,-90.0,-744.0,1740.0,396.0
2175,300080,-18.0,-348.0,-90.0,-138.0
2176,300120,54.0,282.0,372.0,318.0
2177,300720,1170.0,7206.0,3318.0,0.0
2178,302430,0.0,-300.0,102.0,186.0
2179,302550,42.0,192.0,-18.0,0.0
2180,302920,0.0,-36.0,12.0,90.0
2181,303030,-114.0,342.0,384.0,72.0
2182,303360,0.0,36.0,48.0,12.0
2183,304100,-24.0,96.0,-150.0,66.0
2184,305090,-114.0,-306.0,-84.0,18.0
2185,306040,42.0,912.0,372.0,186.0
2186,306200,1440.0,3954.0,900.0,0.0
2187,306620,0.0,294.0,150.0,-174.0
2188,307070,0.0,0.0,0.0,0.0
2189,307160,0.0,6.0,0.0,0.0
2190,307180,-162.0,-48.0,-96.0,138.0
2191,307280,0.0,0.0,0.0,0.0
2192,307750,0.0,0.0,0.0,0.0
2193,307870,0.0,6.0,0.0,0.0
2194,307930,54.0,-96.0,498.0,-30.0
2195,307950,2790.0,4812.0,2736.0,3000.0
2196,308100,-240.0,126.0,642.0,384.0
2197,308170,570.0,1206.0,1026.0,444.0
2198,308700,0.0,-6.0,-48.0,66.0
2199,309900,0.0,48.0,66.0,0.0
2200,309930,0.0,0.0,0.0,0.0
2201,310200,-78.0,294.0,504.0,360.0
2202,310840,6.0,0.0,0.0,0.0
2203,310870,0.0,6.0,0.0,0.0
2204,311060,0.0,6.0,-12.0,0.0
2205,311270,0.0,0.0,-6.0,0.0
2206,311390,12.0,-60.0,240.0,42.0
2207,311690,-120.0,-150.0,-120.0,-96.0
2208,312610,126.0,486.0,402.0,246.0
2209,313750,0.0,-6.0,0.0,0.0
2210,313760,-78.0,-684.0,312.0,-168.0
2211,314130,0.0,-558.0,-306.0,-138.0
2212,316140,-61092.0,112218.0,0.0,0.0
2213,317030,-6.0,0.0,0.0,0.0
2214,317120,-132.0,6.0,174.0,24.0
2215,317240,0.0,0.0,0.0,0.0
2216,317320,0.0,0.0,0.0,0.0
2217,317330,294.0,780.0,1446.0,1362.0
2218,317400,-204.0,1362.0,1974.0,858.0
2219,317530,-12.0,-102.0,6.0,-12.0
2220,317770,-6.0,96.0,282.0,102.0
2221,317830,306.0,-162.0,120.0,150.0
2222,317850,30.0,-156.0,126.0,78.0
2223,317860,0.0,120.0,-84.0,-240.0
2224,317870,0.0,156.0,150.0,108.0
2225,318000,102.0,186.0,120.0,84.0
2226,318010,24.0,342.0,306.0,264.0
2227,319400,0.0,0.0,0.0,0.0
2228,319660,570.0,1002.0,-48.0,0.0
2229,320000,0.0,240.0,84.0,66.0
2230,321260,0.0,0.0,0.0,0.0
2231,321550,-96.0,-270.0,-306.0,-216.0
2232,322000,-1506.0,978.0,-2430.0,4386.0
2233,322180,-180.0,114.0,-42.0,-12.0
2234,322510,-102.0,-384.0,-228.0,-192.0
2235,322780,0.0,0.0,0.0,0.0
2236,322970,0.0,-84.0,-72.0,-42.0
2237,323210,0.0,0.0,0.0,0.0
2238,323230,0.0,0.0,0.0,0.0
2239,323280,0.0,-6.0,0.0,0.0
2240,323350,0.0,-120.0,24.0,30.0
2241,323940,-6.0,0.0,0.0,0.0
2242,326030,-3678.0,-4878.0,-8478.0,-5898.0
2243,327260,24.0,6.0,102.0,102.0
2244,327610,0.0,-126.0,-66.0,-54.0
2245,327970,0.0,0.0,6.0,24.0
2246,328380,6.0,0.0,0.0,0.0
2247,329020,0.0,-18.0,36.0,0.0
2248,329050,0.0,-198.0,-48.0,-36.0
2249,329560,0.0,-12.0,0.0,0.0
2250,330590,175.0,736.0,0.0,0.0
2251,330990,0.0,0.0,0.0,0.0
2252,331380,0.0,0.0,0.0,0.0
2253,331520,0.0,-6.0,0.0,0.0
2254,331660,0.0,-132.0,48.0,0.0
2255,332290,0.0,0.0,0.0,0.0
2256,332570,-246.0,762.0,-240.0,48.0
2257,332710,0.0,-6.0,0.0,0.0
2258,333050,0.0,-12.0,0.0,0.0
2259,333430,0.0,0.0,0.0,0.0
2260,335870,0.0,0.0,0.0,0.0
2261,335890,0.0,0.0,0.0,0.0
2262,336040,0.0,-102.0,-78.0,-120.0
2263,336060,0.0,0.0,0.0,0.0
2264,336260,156.0,7302.0,0.0,0.0
2265,336370,960.0,420.0,0.0,0.0
2266,336570,0.0,0.0,0.0,0.0
2267,337450,0.0,0.0,0.0,0.0
2268,337840,0.0,-66.0,-54.0,-66.0
2269,338100,0.0,0.0,0.0,0.0
2270,339950,0.0,0.0,0.0,0.0
2271,340120,0.0,0.0,0.0,0.0
2272,340350,0.0,0.0,0.0,0.0
2273,340360,0.0,0.0,0.0,0.0
2274,340440,0.0,0.0,0.0,0.0
2275,341160,0.0,0.0,0.0,0.0
2276,341310,0.0,120.0,108.0,186.0
2277,342550,0.0,0.0,0.0,0.0
2278,343090,0.0,-132.0,-66.0,0.0
2279,343510,0.0,0.0,0.0,0.0
2280,344050,-6.0,0.0,0.0,0.0
2281,344860,0.0,24.0,0.0,0.0
2282,347890,96.0,474.0,252.0,300.0
2283,349720,0.0,0.0,0.0,0.0
2284,351320,0.0,0.0,0.0,0.0
2285,351340,0.0,0.0,0.0,0.0
2286,353070,0.0,0.0,0.0,0.0
2287,353190,0.0,0.0,0.0,0.0
2288,353200,0.0,0.0,0.0,0.0
2289,353810,0.0,0.0,0.0,0.0
2290,354230,0.0,-30.0,144.0,0.0
2291,900070,126.0,330.0,474.0,162.0
2292,900080,-402.0,1944.0,2682.0,1812.0
2293,900100,234.0,-1242.0,504.0,-888.0
2294,900110,72.0,576.0,24.0,804.0
2295,900140,2016.0,1590.0,42.0,1008.0
2296,900250,354.0,1134.0,1890.0,2034.0
2297,900260,-132.0,4188.0,2850.0,-2004.0
2298,900270,1458.0,3300.0,-1506.0,2322.0
2299,900280,822.0,2154.0,924.0,978.0
2300,900300,864.0,3120.0,2232.0,2268.0
2301,900310,360.0,1608.0,1542.0,1596.0
2302,900340,-60.0,564.0,1464.0,1128.0
2303,950130,-138.0,-24.0,-342.0,-324.0
2304,950140,120.0,726.0,-564.0,-540.0
2305,950160,-738.0,-2634.0,-2160.0,-2328.0
2306,950200,0.0,-102.0,210.0,0.0
